Probe[213113]	R["R_EGMESTr"]
Probe[164561]	R["R_SRTNACT"]
Probe[149389]	R["R_ABTArm"]	R["R_APAT2rm"]	R["R_3AIBTm"]
Probe[106732]	R["R_CHSTEROLt"]	R["R_CHSTEROLtg"]
Probe[203610]	R["R_PTRCOX1"]	R["R_MHISOR"]	R["R_TRYPTAOX"]	R["R_HISTASE"]	R["R_PEAMNO"]	R["R_42A12BOOX"]	R["R_MAOX"]	R["R_13DAMPPOX"]	R["R_NMPTRCOX"]
Probe[161757]	R["R_ABO1g"]	R["R_ABO9g"]	R["R_ABO5g"]	R["R_ABO4g"]	R["R_ABO7g"]	R["R_ABO3g"]	R["R_ABO2g"]	R["R_ABO8g"]	R["R_ABO6g"]
Probe[126099]	R["R_ACACT4p"]	R["R_FAOXC2452256x"]	R["R_FAOXC183806x"]	R["R_FAOXC2051843x"]	R["R_FAOXC2242046x"]	R["R_PEROXx"]	R["R_ACACT5p"]	R["R_ACACT7p"]	R["R_FAOXC2252053x"]	R["R_ACACT8p"]	R["R_FAOXC2442246x"]	R["R_FAOXC241181x"]	R["R_ACACT9p"]	R["R_FAOXC16080x"]	R["R_FAOXC200180x"]	R["R_FAOXC260240x"]	R["R_FAOXC18480x"]	R["R_FAOXC240200x"]	R["R_FAOXC226205x"]	R["R_ACACT6p"]	R["R_FAOXC246226x"]	R["R_FAOXC2251836x"]	R["R_FAOXC2452253x"]	R["R_FAOXC180x"]
Probe[198813]	R["R_ACCOAC"]
Probe[196485]	R["R_ACCOAC"]	R["R_ACCOACm"]
Probe[204665]	R["R_FAOXC140"]	R["R_FAOXC180"]	R["R_FAOXC150m"]	R["R_FAOXC170m"]	R["R_FAOXC2252053m"]	R["R_FAOXC204"]	R["R_ACOAD9m"]	R["R_ACOAD10m"]	R["R_FAOXC1811602m"]	R["R_FAOXC16080m"]	R["R_FAOXC1811603m"]	R["R_FAOXC16180m"]	R["R_FAOXC204184m"]	R["R_FAOXC11"]	R["R_FAOXC80"]	R["R_FAOXC182806m"]	R["R_FAOXC1811601m"]	R["R_FAOXC160"]	R["R_FAOXC18280m"]	R["R_FAOXC200180m"]	R["R_FAOXC161802m"]	R["R_FAOXC2051843m"]	R["R_FAOXC18480m"]	R["R_FAOXC226205m"]	R["R_PPCOAOm"]	R["R_FAOXC2031836m"]	R["R_FAOXC2242046m"]	R["R_ACOAD1fm"]	R["R_FAOXC183803m"]	R["R_FAOXC226"]	R["R_FAOXC183806m"]	R["R_FAOXC2251836m"]
Probe[129764]	R["R_FAOXC140"]	R["R_FAOXC180"]	R["R_FAOXC150m"]	R["R_FAOXC2252053m"]	R["R_FAOXC204"]	R["R_FAOXC1811602m"]	R["R_FAOXC16080m"]	R["R_FAOXC1811603m"]	R["R_FAOXC16180m"]	R["R_FAOXC204184m"]	R["R_FAOXC80"]	R["R_FAOXC182806m"]	R["R_FAOXC1811601m"]	R["R_FAOXC160"]	R["R_FAOXC18280m"]	R["R_FAOXC200180m"]	R["R_FAOXC161802m"]	R["R_FAOXC2051843m"]	R["R_FAOXC18480m"]	R["R_FAOXC226205m"]	R["R_PPCOAOm"]	R["R_FAOXC2031836m"]	R["R_FAOXC2242046m"]	R["R_ACOAD1fm"]	R["R_FAOXC183803m"]	R["R_FAOXC226"]	R["R_FAOXC183806m"]	R["R_FAOXC2251836m"]
Probe[231862]	R["R_ACOAD10m"]	R["R_PPCOAOm"]	R["R_ACOAD1fm"]
Probe[140708]	R["R_ACACT10m"]	R["R_ACACT1rm"]
Probe[137563]	R["R_ACACT1x"]	R["R_ACACT1r"]	R["R_ACACT1"]
Probe[181785]	R["R_ACHEe"]
Probe[102218]	R["R_ACITL"]
Probe[111008]	R["R_ACONT"]
Probe[144908]	R["R_ACONTm"]
Probe[229452]	R["R_FAOXC2452256x"]	R["R_FAOXC183806x"]	R["R_FAOXC2051843x"]	R["R_FAOXC2242046x"]	R["R_FAOXC2252053x"]	R["R_FAOXC2442246x"]	R["R_FAOXC241181x"]	R["R_FAOXC16080x"]	R["R_FAOXC200180x"]	R["R_FAOXC260240x"]	R["R_FAOXC18480x"]	R["R_FAOXC240200x"]	R["R_FAOXC226205x"]	R["R_FAOXC246226x"]	R["R_FAOXC2251836x"]	R["R_FAOXC2452253x"]	R["R_FAOXC180x"]	R["R_ACOAO7p"]
Probe[208652]	R["R_ACP1_LPAREN_FMN_RPAREN_"]
Probe[117554]	R["R_NTD3l"]	R["R_NTD8l"]	R["R_NTD4l"]	R["R_3NTD7l"]	R["R_LAPCOAl"]	R["R_NTD5l"]	R["R_NTD2l"]	R["R_NTD6l"]	R["R_NTD7l"]	R["R_NTD9l"]
Probe[158073]	R["R_ACODA"]
Probe[175300]	R["R_ACYP"]
Probe[156829]	R["R_ACYP"]
Probe[119977]	R["R_DADA"]	R["R_DADAe"]	R["R_ADAe"]	R["R_ADA"]
Probe[228477]	R["R_ADNCYC"]
Probe[110855]	R["R_ADNCYC"]
Probe[122069]	R["R_ADNCYC"]
Probe[174476]	R["R_ADNCYC"]
Probe[199291]	R["R_ADNCYC"]
Probe[184103]	R["R_ADNCYC"]
Probe[107396]	R["R_ADNCYC"]
Probe[409573]	R["R_ADNCYC"]
Probe[124299]	R["R_ALCD1"]	R["R_ALCD22_D"]	R["R_ALCD21_L"]	R["R_34DHOXPEGOX"]	R["R_ALCD2if"]	R["R_ALCD22_L"]	R["R_ALCD21_D"]
Probe[180535]	R["R_ALCD1"]	R["R_ALCD22_D"]	R["R_ALCD21_L"]	R["R_34DHOXPEGOX"]	R["R_ALCD2if"]	R["R_ALCD22_L"]	R["R_ALCD21_D"]
Probe[112201]	R["R_ALCD1"]	R["R_ALCD22_D"]	R["R_ALCD21_L"]	R["R_34DHOXPEGOX"]	R["R_ALCD2if"]	R["R_ALCD22_L"]	R["R_ALCD21_D"]
Probe[142526]	R["R_ALCD1"]	R["R_ALCD22_D"]	R["R_ALCD21_L"]	R["R_34DHOXPEGOX"]	R["R_ALCD2if"]	R["R_ALCD22_L"]	R["R_ALCD21_D"]
Probe[124506]	R["R_ALCD1"]	R["R_ALCD22_D"]	R["R_LALDO"]	R["R_ALCD21_L"]	R["R_34DHOXPEGOX"]	R["R_FALDH"]	R["R_ALCD2if"]	R["R_ALCD22_L"]	R["R_ALCD21_D"]
Probe[182686]	R["R_ALCD1"]	R["R_ALCD22_D"]	R["R_ALCD21_L"]	R["R_34DHOXPEGOX"]	R["R_ALCD2if"]	R["R_ALCD22_L"]	R["R_ALCD21_D"]
Probe[179964]	R["R_ALCD1"]	R["R_ALCD22_D"]	R["R_ALCD21_L"]	R["R_34DHOXPEGOX"]	R["R_ALCD2if"]	R["R_ALCD22_L"]	R["R_ALCD21_D"]
Probe[100892]	R["R_ADNK1"]
Probe[104782]	R["R_ADSL2"]	R["R_ADSL1"]
Probe[188497]	R["R_ADSS"]
Probe[125600]	R["R_GASNASE2ly"]	R["R_GASNASEly"]	R["R_GASNASE3ly"]
Probe[137559]	R["R_GLDBRAN"]
Probe[211715]	R["R_AGTix"]	R["R_SPTix"]
Probe[189687]	R["R_AHC"]	R["R_SEAHCYSHYD"]
Probe[174386]	R["R_ADK1"]
Probe[223192]	R["R_ADK1m"]
Probe[212085]	R["R_ADK1m"]
Probe[216243]	R["R_PPBNGS"]
Probe[215448]	R["R_ALASm"]
Probe[115729]	R["R_ALASm"]
Probe[162248]	R["R_NABTNO"]	R["R_GCALDD"]	R["R_PYLALDOX"]	R["R_LCADi"]	R["R_ALDD20x"]	R["R_IMACTD"]	R["R_ALDD2x"]	R["R_LCADi_D"]	R["R_GLACO"]	R["R_BAMPPALDOX"]	R["R_5HOXINDACTOX"]
Probe[177547]	R["R_LCADim"]	R["R_GLACOm"]	R["R_5HOXINDACTOXm"]	R["R_GCALDDm"]	R["R_IMACTD_m"]	R["R_ALDD2xm"]	R["R_NABTNOm"]	R["R_LCADi_Dm"]	R["R_ALDD20xm"]	R["R_BAMPPALDOXm"]	R["R_PYLALDOXm"]
Probe[186725]	R["R_3MOX4HOXPGALDOX_LPAREN_NADP_RPAREN_"]	R["R_34DHXMANDACOX"]	R["R_4HOXPACDOX_LPAREN_NADP_RPAREN_"]	R["R_ALDD19x_LPAREN_P_RPAREN_"]	R["R_GCALDD"]	R["R_LCADi"]	R["R_ALDD19x"]	R["R_3MOX4HOXPGALDOX"]	R["R_3M4HDXPAC"]	R["R_ALDD2x"]	R["R_LCADi_D"]	R["R_GLACO"]	R["R_MACOXO"]	R["R_ALDD2y"]	R["R_34DHPLACOX"]	R["R_34DHPLACOX_LPAREN_NADP_RPAREN_"]
Probe[108454]	R["R_LCADim"]	R["R_GLACOm"]	R["R_5HOXINDACTOXm"]	R["R_GCALDDm"]	R["R_IMACTD_m"]	R["R_ALDD2xm"]	R["R_NABTNOm"]	R["R_LCADi_Dm"]	R["R_ALDD20xm"]	R["R_BAMPPALDOXm"]	R["R_PYLALDOXm"]
Probe[109533]	R["R_3MOX4HOXPGALDOX_LPAREN_NADP_RPAREN_"]	R["R_34DHXMANDACOX"]	R["R_4HOXPACDOX_LPAREN_NADP_RPAREN_"]	R["R_ALDD19x_LPAREN_P_RPAREN_"]	R["R_GCALDD"]	R["R_LCADi"]	R["R_ALDD19x"]	R["R_3MOX4HOXPGALDOX"]	R["R_3M4HDXPAC"]	R["R_ALDD2x"]	R["R_LCADi_D"]	R["R_GLACO"]	R["R_MACOXO"]	R["R_34DHPLACOX"]
Probe[201513]	R["R_3MOX4HOXPGALDOX_LPAREN_NADP_RPAREN_"]	R["R_34DHXMANDACOX"]	R["R_4HOXPACDOX_LPAREN_NADP_RPAREN_"]	R["R_ALDD19x_LPAREN_P_RPAREN_"]	R["R_GCALDD"]	R["R_LCADi"]	R["R_ALDD19x"]	R["R_3MOX4HOXPGALDOX"]	R["R_3M4HDXPAC"]	R["R_34DHXMANDACOX_LPAREN_NADP_RPAREN_"]	R["R_ALDD2x"]	R["R_LCADi_D"]	R["R_GLACO"]	R["R_MACOXO"]	R["R_ALDD2y"]	R["R_34DHPLACOX"]	R["R_34DHPLACOX_LPAREN_NADP_RPAREN_"]
Probe[134522]	R["R_3MOX4HOXPGALDOX_LPAREN_NADP_RPAREN_"]	R["R_4HOXPACDOX_LPAREN_NADP_RPAREN_"]	R["R_ALDD19x_LPAREN_P_RPAREN_"]	R["R_GCALDD"]	R["R_LCADi"]	R["R_ALDD19x"]	R["R_3MOX4HOXPGALDOX"]	R["R_3M4HDXPAC"]	R["R_34DHXMANDACOX_LPAREN_NADP_RPAREN_"]	R["R_ALDD2x"]	R["R_LCADi_D"]	R["R_GLACO"]	R["R_MACOXO"]	R["R_ALDD2y"]	R["R_34DHPLACOX"]	R["R_34DHPLACOX_LPAREN_NADP_RPAREN_"]
Probe[189412]	R["R_TMABADH"]	R["R_NABTNO"]	R["R_ABUTD"]	R["R_GCALDD"]	R["R_PYLALDOX"]	R["R_BETALDHx"]	R["R_LCADi"]	R["R_ALDD20x"]	R["R_IMACTD"]	R["R_ALDD2x"]	R["R_LCADi_D"]	R["R_GLACO"]	R["R_BAMPPALDOX"]	R["R_ALDD2y"]	R["R_5HOXINDACTOX"]
Probe[171037]	R["R_NABTNO"]	R["R_GCALDD"]	R["R_PYLALDOX"]	R["R_LCADi"]	R["R_ALDD20x"]	R["R_IMACTD"]	R["R_ALDD2x"]	R["R_LCADi_D"]	R["R_GLACO"]	R["R_BAMPPALDOX"]	R["R_ALDD2y"]	R["R_ALDD21"]	R["R_5HOXINDACTOX"]
Probe[120590]	R["R_FBA4"]	R["R_FBA2"]	R["R_FBA"]
Probe[125077]	R["R_FBA5"]	R["R_FBA4"]	R["R_FBA2"]	R["R_FBA"]
Probe[195743]	R["R_FBA4"]	R["R_FBA2"]	R["R_FBA"]
Probe[162516]	R["R_PPDOy"]	R["R_ALR"]	R["R_LALDO2"]	R["R_ARABR"]	R["R_GALOR"]	R["R_ALR3"]	R["R_ALR2"]	R["R_SBTR"]
Probe[102924]	R["R_ALOX12"]
Probe[212170]	R["R_ALOX52"]	R["R_ALOX5"]
Probe[205247]	R["R_ALOX12R"]
Probe[139446]	R["R_ALOX15"]
Probe[158803]	R["R_ALOX15"]
Probe[189316]	R["R_ALKP"]
Probe[211058]	R["R_ALKP"]
Probe[199064]	R["R_ALKP"]
Probe[171689]	R["R_ALKP"]
Entrez[262]	R["R_ADMDC"]
Probe[197431]	R["R_AMPDA"]
Probe[112571]	R["R_AMPDA"]
Probe[214504]	R["R_AMPDA"]
Probe[208509]	R["R_GCCam"]	R["R_GCC2bim"]	R["R_GCC2cm"]	R["R_GCCcm"]	R["R_GCC2am"]	R["R_GCCbim"]
Probe[703675]	R["R_AMY1e"]	R["R_AMY2e"]
Entrez[277]	R["R_AMY1e"]	R["R_AMY2e"]
Entrez[278]	R["R_AMY1e"]	R["R_AMY2e"]
Probe[102387]	R["R_AMY1e"]	R["R_AMY2e"]
Probe[115780]	R["R_AMY1e"]	R["R_AMY2e"]
Probe[102558]	R["R_AMPTASECGe"]	R["R_AMPTASECG"]
Probe[196310]	R["R_ATPtm"]
Probe[167604]	R["R_ATPtm"]
Probe[111899]	R["R_ATPtm"]
Probe[147381]	R["R_PTRCOX1"]	R["R_MHISOR"]	R["R_TRYPTAOX"]	R["R_HISTASE"]	R["R_PEAMNO"]	R["R_42A12BOOX"]	R["R_MAOX"]	R["R_13DAMPPOX"]	R["R_NMPTRCOX"]
Probe[106573]	R["R_PYDXDH"]	R["R_5HOXINDACTO2OX"]
Probe[210619]	R["R_AP4AH1"]
Probe[143287]	R["R_H2Otm"]
Probe[138254]	R["R_ADPT"]
Probe[120923]	R["R_L_DASH_LACtcm"]	R["R_UREAtm"]
Probe[196157]	R["R_ARGN"]
Probe[193596]	R["R_ARGNm"]
Probe[170701]	R["R_ARSA"]
Probe[233452]	R["R_S4TASE5ly"]	R["R_S4TASE3ly"]	R["R_S4TASE2ly"]	R["R_S4TASE4ly"]	R["R_S4TASE1ly"]
Probe[111927]	R["R_STS1r"]	R["R_STS2r"]	R["R_STS3"]	R["R_STS4r"]	R["R_STS4"]	R["R_STS2"]	R["R_STS1"]	R["R_STS3r"]
Probe[102596]	R["R_ASAH1"]
Probe[189722]	R["R_ARGSL"]
Probe[145940]	R["R_ACSOMT"]	R["R_ACSRTNMT"]
Probe[166802]	R["R_ASNS1"]
Probe[120164]	R["R_NACASPAH"]
Probe[167635]	R["R_ARGSS"]
Probe[144256]	R["R_AICART"]	R["R_IMPC"]
Probe[176827]	R["R_NaKt"]
Probe[193795]	R["R_NaKt"]
Probe[200640]	R["R_NaKt"]
Probe[129598]	R["R_NaKt"]
Probe[199586]	R["R_NaKt"]
Probe[212551]	R["R_NaKt"]
Probe[218154]	R["R_NaKt"]
Probe[102967]	R["R_CAATPS"]
Probe[191524]	R["R_CAATPS"]
Probe[135865]	R["R_CAATPS"]
Probe[126626]	R["R_CAATPS"]
Probe[194165]	R["R_HKt"]
Probe[203927]	R["R_HKt"]
Probe[194243]	R["R_ATPS4m"]
Probe[676547]	R["R_NABTNO"]	R["R_GCALDD"]	R["R_PYLALDOX"]	R["R_LCADi"]	R["R_ALDD20x"]	R["R_IMACTD"]	R["R_ALDD2x"]	R["R_LCADi_D"]	R["R_BAMPPALDOX"]	R["R_5HOXINDACTOX"]
Probe[155269]	R["R_ATPS4m"]
Probe[167654]	R["R_ATPS4m"]
Probe[109628]	R["R_ATPS4m"]
Probe[236493]	R["R_ATPS4m"]
Probe[141258]	R["R_ATPS4m"]
Probe[175040]	R["R_ATPS4m"]
Probe[198434]	R["R_ATPS4m"]
Probe[154517]	R["R_ATPS4m"]
Probe[165415]	R["R_ATPS4m"]
Probe[175211]	R["R_ATPS4m"]
Probe[161323]	R["R_ATPasel"]
Probe[195986]	R["R_ATPasel"]
Probe[151844]	R["R_ATPasel"]
Probe[172303]	R["R_ATPasel"]
Probe[118423]	R["R_ATPasel"]
Probe[145090]	R["R_ATPasel"]
Probe[157638]	R["R_ATPasel"]
Probe[104921]	R["R_ATPasel"]
Probe[214131]	R["R_ATPasel"]
Probe[107393]	R["R_ECOAH1m"]	R["R_T2M26DCOAHLm"]	R["R_MGCHrm"]	R["R_PRPNCOAHYDm"]	R["R_C2M26DCOAHLm"]
Probe[162898]	R["R_BAAT4x"]	R["R_BAAT2x"]	R["R_BAAT3x"]	R["R_BAAT1x"]	R["R_BAAT5x"]
Probe[202882]	R["R_VALTA"]	R["R_LEUTA"]	R["R_ILETA"]
Probe[162178]	R["R_VALTAm"]	R["R_LEUTAm"]	R["R_ILETAm"]
Probe[151082]	R["R_OIVD3m"]	R["R_OIVD2m"]	R["R_OIVD1m"]
Probe[168106]	R["R_OIVD3m"]	R["R_OIVD2m"]	R["R_OIVD1m"]
Probe[122515]	R["R_BDHm"]
Probe[140661]	R["R_BHMT"]
Probe[100840]	R["R_BILIRED"]
Probe[162176]	R["R_BILIRED"]
Probe[178503]	R["R_DPGase"]	R["R_PGM"]	R["R_DPGM"]
Probe[183940]	R["R_BTNDm"]	R["R_BTND1"]	R["R_BTNDe"]	R["R_BTND1n"]
Probe[167669]	R["R_H2CO3D"]
Probe[164835]	R["R_H2CO3D"]
Probe[107658]	R["R_H2CO3D"]
Probe[196942]	R["R_H2CO3D"]
Probe[182474]	R["R_H2CO3Dm"]
Probe[214199]	R["R_H2CO3D"]
Probe[151005]	R["R_H2CO3D"]
Probe[133494]	R["R_H2CO3D"]
Probe[106012]	R["R_STRDNCCRNt"]	R["R_DLNLCGCRNt"]	R["R_ACRNtm"]	R["R_ADRNCRNt"]	R["R_LNLNCACRNt"]	R["R_CLPNDCRNt"]	R["R_C180CRNt"]	R["R_ELAIDCRNt"]	R["R_ARACHCRNt"]	R["R_NRVNCCRNt"]	R["R_VACCCRNt"]	R["R_PTDCACRNt"]	R["R_C161CRNt"]	R["R_LNLCCRNt"]	R["R_RTOTAL3CRNt"]	R["R_C160CRNt"]	R["R_CRNtim"]	R["R_TETPENT3CRNt"]	R["R_LNELDCCRNt"]	R["R_C161CRN2t"]	R["R_EICOSTETCRNt"]	R["R_TTDCRNt"]	R["R_LNLNCGCRNt"]	R["R_TETTET6CRNt"]	R["R_LGNCCRNt"]	R["R_HEXCCRNt"]	R["R_RTOTALCRNt"]	R["R_DCSPTN1CRNt"]	R["R_HPDCACRNt"]	R["R_C181CRNt"]	R["R_TMNDNCCRNt"]	R["R_RTOTAL2CRNt"]	R["R_TETPENT6CRNt"]
Probe[113678]	R["R_DHORTS"]	R["R_CBPS"]	R["R_ASPCTr"]
Probe[211100]	R["R_CAT2p"]	R["R_CATm"]	R["R_CATp"]
Probe[214556]	R["R_CBR2"]	R["R_CBR1"]
Probe[179795]	R["R_SELCYSTS"]	R["R_CYSTS"]
Probe[141122]	R["R_KYNAKGAT"]	R["R_3HKYNAKGAT"]
Probe[162896]	R["R_NADPNe"]	R["R_NADNe"]	R["R_ADPRIBt"]
Probe[150010]	R["R_ATPH1e"]	R["R_ATPH2e"]
Probe[204002]	R["R_ATPH1e"]	R["R_ATPH2e"]
Probe[164029]	R["R_ATPH1e"]	R["R_ATPH2e"]
Probe[202586]	R["R_ATPH1e"]	R["R_ATPH2e"]
Probe[196792]	R["R_ATPH1e"]	R["R_ATPH2e"]
Probe[167079]	R["R_CYTD"]	R["R_DCYTD"]
Probe[191377]	R["R_CYSO"]
Probe[123914]	R["R_CDS"]
Probe[163714]	R["R_CHAT"]	R["R_CHATn"]
Probe[111916]	R["R_HSD3A2r"]	R["R_AKR1C41"]	R["R_HSD3A1r"]	R["R_AKR1C42"]
Probe[190926]	R["R_CHTNASE"]
Probe[171756]	R["R_CHOLK"]	R["R_ETHAK"]
Probe[123495]	R["R_CHOLK"]
Probe[119646]	R["R_CKc"]
Probe[183449]	R["R_CKc"]
Entrez[1159]	R["R_CK"]
Probe[235257]	R["R_CK"]
Probe[118354]	R["R_LPASE"]
Probe[175289]	R["R_34DHPHAMT"]	R["R_SALMCOM"]	R["R_DOPAMT"]
Probe[159938]	R["R_CYOOm3"]
Probe[128153]	R["R_CYOOm3"]
Probe[162494]	R["R_CYOOm3"]
Probe[161892]	R["R_CYOOm3"]
Probe[212267]	R["R_CYOOm3"]
Probe[130164]	R["R_CYOOm3"]
Probe[173234]	R["R_CYOOm3"]
Probe[135372]	R["R_CYOOm3"]
Probe[123636]	R["R_CYOOm3"]
Probe[134055]	R["R_CYOOm3"]
Probe[196081]	R["R_CYOOm3"]
Probe[189160]	R["R_CPPPGO"]
Probe[211852]	R["R_CBPSam"]
Probe[148258]	R["R_TETPENT6CPT1"]	R["R_LNELDCCPT1"]	R["R_TMNDNCCPT1"]	R["R_NRVNCCPT1"]	R["R_ADRNCPT1"]	R["R_ARACHCPT1"]	R["R_TETTET6CPT1"]	R["R_VACCCPT1"]	R["R_C226CPT1"]	R["R_EICOSTETCPT1"]	R["R_LNLNCGCPT1"]	R["R_C161CPT1"]	R["R_HEXCCPT1"]	R["R_C181CPT1"]	R["R_DLNLCGCPT1"]	R["R_LNLCCPT1"]	R["R_C180CPT1"]	R["R_C160CPT1"]	R["R_RTOTAL2CRNCPT1"]	R["R_LGNCCPT1"]	R["R_DCSPTN1CPT1"]	R["R_CLPNDCPT1"]	R["R_C204CPT1"]	R["R_TETPENT3CPT1"]	R["R_RTOTALCRNCPT1"]	R["R_PTDCACRNCPT1"]	R["R_RTOTAL3CRNCPT1"]	R["R_C161CPT12"]	R["R_STRDNCCPT1"]	R["R_TTDCPT1"]	R["R_HPDCACRNCPT1"]	R["R_ELAIDCPT1"]	R["R_LNLNCACPT1"]
Probe[195659]	R["R_TETPENT6CPT1"]	R["R_LNELDCCPT1"]	R["R_TMNDNCCPT1"]	R["R_NRVNCCPT1"]	R["R_ADRNCPT1"]	R["R_ARACHCPT1"]	R["R_TETTET6CPT1"]	R["R_VACCCPT1"]	R["R_C226CPT1"]	R["R_EICOSTETCPT1"]	R["R_LNLNCGCPT1"]	R["R_C161CPT1"]	R["R_HEXCCPT1"]	R["R_C181CPT1"]	R["R_DLNLCGCPT1"]	R["R_LNLCCPT1"]	R["R_C180CPT1"]	R["R_C160CPT1"]	R["R_RTOTAL2CRNCPT1"]	R["R_LGNCCPT1"]	R["R_DCSPTN1CPT1"]	R["R_CLPNDCPT1"]	R["R_C204CPT1"]	R["R_TETPENT3CPT1"]	R["R_RTOTALCRNCPT1"]	R["R_PTDCACRNCPT1"]	R["R_RTOTAL3CRNCPT1"]	R["R_C161CPT12"]	R["R_STRDNCCPT1"]	R["R_TTDCPT1"]	R["R_HPDCACRNCPT1"]	R["R_ELAIDCPT1"]	R["R_LNLNCACPT1"]
Probe[100537]	R["R_TTDCPT2"]	R["R_LNLCCPT2"]	R["R_HEXCCPT2"]	R["R_HPDCACRNCPT2"]	R["R_ADRNCPT2"]	R["R_VACCCPT2"]	R["R_LGNCCPT2"]	R["R_LNLNCGCPT2"]	R["R_C180CPT2"]	R["R_C160CPT2"]	R["R_C161CPT22"]	R["R_CLPNDCPT2"]	R["R_ARACHCPT2"]	R["R_EICOSTETCPT2"]	R["R_TETPENT3CPT2"]	R["R_PTDCACRNCPT2"]	R["R_STRDNCCPT2"]	R["R_TETPENT6CPT2"]	R["R_TETTET6CPT2"]	R["R_ELAIDCPT2"]	R["R_DLNLCGCPT2"]	R["R_RTOTALCRNCPT2"]	R["R_LNELDCCPT2"]	R["R_C161CPT2"]	R["R_DCSPTN1CPT2"]	R["R_NRVNCCPT2"]	R["R_LNLNCACPT2"]	R["R_RTOTAL3CRNCPT2"]	R["R_RTOTAL2CRNCPT2"]	R["R_C181CPT2"]	R["R_C204CPT2"]	R["R_C226CPT2"]	R["R_TMNDNCCPT2"]
Probe[221992]	R["R_CSNAT3x"]	R["R_CSNATm"]	R["R_CSNAT2m"]	R["R_CSNATer"]	R["R_CSNAT2x"]	R["R_CSNATp"]
Probe[218962]	R["R_CSm"]
Probe[188608]	R["R_MALtm"]	R["R_SUCCt2m"]	R["R_FUMTSULtm"]	R["R_MALSO4tm"]	R["R_FUMtm"]	R["R_MALSO3tm"]	R["R_FUMSO3tm"]	R["R_FUMSO4tm"]	R["R_MALTSULtm"]
Probe[105377]	R["R_SELCYSTGL"]	R["R_CYSTGL"]
Probe[134052]	R["R_CTPS1"]
Probe[133346]	R["R_CYOR_DASH_u10m"]
Probe[135086]	R["R_MELATNOX"]
Probe[114082]	R["R_MELATNOX"]
Probe[202789]	R["R_MELATNOX"]	R["R_P4501B1r"]
Probe[160733]	R["R_P4502A6"]
Probe[134586]	R["R_P4503A7r"]
Probe[182823]	R["R_P4502A6"]
Probe[135336]	R["R_MELATNOX"]	R["R_P4502C92"]	R["R_P4502C94"]	R["R_P4502C93"]	R["R_P4502C19"]
Probe[185102]	R["R_P4502C8"]
Probe[212649]	R["R_P4502C9"]	R["R_P4502C92"]	R["R_P4502C94"]	R["R_P4502C93"]
Probe[126317]	R["R_P4502C18"]
Probe[190303]	R["R_P4502D6"]
Probe[131658]	R["R_ACTLMO"]	R["R_P4502E1"]	R["R_ETOHMO"]	R["R_ACTNMO"]
Probe[177129]	R["R_P4504B1r"]	R["R_P4502F1"]
Probe[103888]	R["R_P4503A4"]
Probe[215574]	R["R_P4503A5"]
Entrez[1579]	R["R_FAH1"]	R["R_FAH3"]	R["R_FAH2"]
Probe[180115]	R["R_P4507A1r"]
Probe[162845]	R["R_P4508B11r"]	R["R_P4508B13r"]
Probe[117267]	R["R_P45011A1m"]
Probe[169935]	R["R_P45011B12m"]	R["R_P45011B11m"]
Probe[155747]	R["R_P45011B21m"]
Probe[212454]	R["R_P45017A3r"]	R["R_P45017A1r"]	R["R_P45017A2r"]	R["R_P45017A4r"]
Probe[125572]	R["R_P45019A2r"]	R["R_P45019A1r"]
Probe[202971]	R["R_P45021A2r"]	R["R_P45021A1r"]
Probe[207757]	R["R_24_COMMA_25VITD3Hm"]	R["R_24_COMMA_25VITD2Hm"]
Probe[180202]	R["R_P45027A15m"]	R["R_VITD3Hm"]	R["R_P45027A16m"]	R["R_P45027A11m"]	R["R_P45027A1m"]	R["R_VITD2Hm"]	R["R_P45027A12m"]	R["R_P45027A13m"]	R["R_P45027A14m"]
Probe[123432]	R["R_25VITD3Hm"]	R["R_25VITD2Hm"]
Probe[120692]	R["R_LNS14DMr"]
Probe[184164]	R["R_DOLASNT_Uer"]	R["R_DOLASNT_Ler"]
Probe[159770]	R["R_DAGK_hs"]
Probe[147739]	R["R_DAGK_hs"]
Probe[211883]	R["R_DAGK_hs"]
Probe[135224]	R["R_DAGK_hs"]
Probe[149216]	R["R_DORNOp"]	R["R_DALAOXx"]	R["R_DARGOp"]	R["R_DPROOp"]
Probe[123258]	R["R_DOPABMO"]
Probe[121850]	R["R_OIVD3m"]	R["R_OIVD2m"]	R["R_OIVD1m"]
Probe[135848]	R["R_DCIm"]
Probe[208304]	R["R_DCK1n"]	R["R_DCK2n"]
Probe[137528]	R["R_DCMPDA"]
Probe[190880]	R["R_DCT"]
Probe[140953]	R["R_HISDC"]	R["R_5HLTDL"]	R["R_5HXKYNDCL"]	R["R_3HLYTCL"]	R["R_3HXKYNDCL"]	R["R_PHYCBOXL"]	R["R_TYRCBOX"]	R["R_LTDCL"]
Probe[120943]	R["R_AKR1C1"]
Probe[143257]	R["R_DOLASNT_Uer"]	R["R_DOLASNT_Ler"]
Probe[160844]	R["R_DGNSKm"]
Probe[118873]	R["R_DHCR71r"]	R["R_DHCR72r"]
Probe[115926]	R["R_DHCR243r"]	R["R_DHCR242r"]	R["R_DHCR241r"]
Probe[114480]	R["R_FOLR2"]	R["R_DHFR"]
Probe[186550]	R["R_DHORD9"]
Probe[225918]	R["R_PDHm"]
Probe[172455]	R["R_OIVD3m"]	R["R_GCCam"]	R["R_GCC2bim"]	R["R_GCC2cm"]	R["R_AKGDm"]	R["R_OIVD2m"]	R["R_OIVD1m"]	R["R_GCCcm"]	R["R_2OXOADOXm"]	R["R_PDHm"]	R["R_GCC2am"]	R["R_GCCbim"]
Probe[201079]	R["R_AKGDm"]	R["R_2OXOADOXm"]
Probe[200962]	R["R_SARDHm"]
Probe[197513]	R["R_DNAMTn"]	R["R_DNAMTSEn"]
Probe[126621]	R["R_DNAMTn"]	R["R_DNAMTSEn"]
Probe[153789]	R["R_DNAMTn"]	R["R_DNAMTSEn"]
Probe[133924]	R["R_DNAMTn"]	R["R_DNAMTSEn"]
Probe[125575]	R["R_GLCNACPT_L"]	R["R_GLCNACPT_U"]
Probe[112355]	R["R_DURAD2"]	R["R_DURAD"]
Probe[194101]	R["R_DHPM1"]
Probe[173113]	R["R_DHPM1"]
Probe[177413]	R["R_DHPM1"]
Probe[210299]	R["R_OXAHCOtex"]	R["R_CLHCOtex"]	R["R_SO4HCOtex"]
Probe[157780]	R["R_OXAHCOtex"]	R["R_CLHCOtex"]	R["R_SO4HCOtex"]
Probe[153718]	R["R_NDP8"]	R["R_DTMPK"]
Probe[225933]	R["R_DUTPDPm"]	R["R_DUTPDPn"]
Probe[185493]	R["R_TMDPP"]
Probe[120707]	R["R_T2M26DCOAHLx"]	R["R_C2M26DCOAHLx"]	R["R_ECOAH1x"]
Probe[115807]	R["R_ECOAH12m"]	R["R_ECOAH1m"]	R["R_PRPNCOAHYDm"]	R["R_ECOAH9m"]
Probe[145338]	R["R_FAOXC2452256x"]	R["R_FAOXC183806x"]	R["R_T2M26DCOAHLx"]	R["R_FAOXC2051843x"]	R["R_FAOXC2242046x"]	R["R_PEROXx"]	R["R_FAOXC2252053x"]	R["R_PRPNCOAHYDx"]	R["R_C2M26DCOAHLx"]	R["R_FAOXC2442246x"]	R["R_HACD1x"]	R["R_ECOAH1x"]	R["R_FAOXC241181x"]	R["R_FAOXC16080x"]	R["R_FAOXC200180x"]	R["R_FAOXC260240x"]	R["R_FAOXC18480x"]	R["R_FAOXC240200x"]	R["R_FAOXC226205x"]	R["R_FAOXC246226x"]	R["R_FAOXC2251836x"]	R["R_FAOXC2452253x"]	R["R_FAOXC180x"]
Probe[119513]	R["R_ENO"]
Probe[142235]	R["R_ENO"]
Probe[211773]	R["R_ENO"]
Probe[155905]	R["R_THYMDt1"]	R["R_URIt"]	R["R_INStm"]	R["R_INSt"]	R["R_GSNtm"]	R["R_GSNt"]	R["R_THYMDtm"]	R["R_CYTDtm"]	R["R_ADNtm"]	R["R_Uritm"]	R["R_ADNt"]	R["R_CYTDt"]
Probe[165885]	R["R_SFGTH"]
Probe[205454]	R["R_ETF"]
Probe[204520]	R["R_ETF"]
Probe[195766]	R["R_ETFQO"]
Probe[190050]	R["R_GLCNACT4g"]	R["R_GLCAT7g"]	R["R_GLCAT8g"]	R["R_GLCNACT5g"]	R["R_GLCAT6g"]	R["R_GLCNACT2g"]	R["R_GLCNACT3g"]	R["R_GLCAT9g"]
Probe[107988]	R["R_GLCNACT4g"]	R["R_GLCAT7g"]	R["R_GLCAT8g"]	R["R_GLCNACT5g"]	R["R_GLCAT6g"]	R["R_GLCNACT2g"]	R["R_GLCNACT3g"]	R["R_GLCAT9g"]
Probe[157727]	R["R_GLCNACT4g"]	R["R_GLCNACT5g"]	R["R_GLCNACT2g"]	R["R_GLCNACT3g"]
Probe[194945]	R["R_GLCNACT1g"]
Probe[187105]	R["R_GLCNACT4g"]	R["R_GLCNACT1g"]	R["R_GLCNACT5g"]	R["R_GLCNACT2g"]	R["R_GLCNACT3g"]
Probe[185166]	R["R_FACOAL200"]	R["R_FACOAL226"]	R["R_FACOAL1813"]	R["R_FACOAL224"]	R["R_FACOAL1821"]	R["R_FACOAL181i"]	R["R_FACOAL240"]	R["R_FACOAL204i"]	R["R_FACOAL150"]	R["R_FACOAL170"]	R["R_FACOAL1831"]	R["R_FACOAL160i"]	R["R_FACOAL244_1"]	R["R_FACOAL241"]	R["R_FACOAL203"]	R["R_FACOAL1832"]	R["R_FACOAL1822"]	R["R_FACOAL260"]	R["R_FACOAL2251"]	R["R_FACOAL246_1"]	R["R_FACOAL2252"]	R["R_FACOAL1812"]	R["R_FACOAL161"]	R["R_FACOAL245_1"]	R["R_FACOAL184"]	R["R_FACOAL2042"]	R["R_FACOAL180i"]	R["R_FACOAL205"]	R["R_FACOAL245_2"]	R["R_FACOAL204"]
Probe[114356]	R["R_FACOAL181i"]	R["R_FACOAL80i"]	R["R_FACOAL204i"]	R["R_FACOAL140i"]	R["R_FACOAL150"]	R["R_FACOAL170"]	R["R_FACOAL160i"]	R["R_FACOAL180i"]
Probe[114070]	R["R_FACOAL204i"]	R["R_FACOAL150"]	R["R_FACOAL170"]
Probe[161198]	R["R_FUMAC"]
Probe[154286]	R["R_FAS100COA"]	R["R_FAS80COA_L"]	R["R_FAS120COA"]	R["R_MCOATA"]	R["R_FAS160COA"]	R["R_ACOATA"]	R["R_FAS140COA"]	R["R_KAS8"]	R["R_FAS180COA"]
Probe[125158]	R["R_FBP"]	R["R_FBP26"]
Probe[164018]	R["R_SQLSr"]
Probe[205175]	R["R_DMATTx"]	R["R_GRTTx"]
Probe[190155]	R["R_FCLTm"]
Probe[184699]	R["R_FUMm"]	R["R_FUM"]
Probe[120122]	R["R_5MTHFt"]
Entrez[2351]	R["R_5MTHFt"]
Probe[155962]	R["R_5MTHFt"]
Probe[174672]	R["R_FPGS8m"]	R["R_FPGS4"]	R["R_FPGS9"]	R["R_FPGS3m"]	R["R_FPGS9m"]	R["R_FPGS6m"]	R["R_FPGS3"]	R["R_FPGS"]	R["R_FPGS5m"]	R["R_FPGS7m"]	R["R_FPGSm"]	R["R_FPGS2"]	R["R_FPGS8"]	R["R_FPGS6"]	R["R_FPGS5"]	R["R_FPGS7"]	R["R_FPGS2m"]	R["R_FPGS4m"]
Probe[107835]	R["R_FUCASEly"]	R["R_FUCASE2ly"]
Probe[103225]	R["R_FUCASE2e"]	R["R_FUCASEe"]
Probe[183205]	R["R_FUT18g"]	R["R_FUT16g"]	R["R_FUT12g"]	R["R_FUT15g"]	R["R_FUT11g"]	R["R_FUT17g"]	R["R_FUT14g"]
Probe[191854]	R["R_FUT35g"]	R["R_FUT31g"]	R["R_FUT34g"]	R["R_FUT33g"]	R["R_FUT32g"]
Probe[187988]	R["R_F6Tg"]
Probe[119820]	R["R_3DSPHR"]
Probe[129301]	R["R_CBPPer"]	R["R_PPAer"]	R["R_G6PPer"]
Probe[142769]	R["R_G6PDH2r"]
Probe[156811]	R["R_G6Pter"]
Entrez[2544]	R["R_PIter"]
Probe[140649]	R["R_MLTG1ly"]	R["R_MALTly"]
Probe[124173]	R["R_ASP1DC"]	R["R_3SALACBOXL"]	R["R_GLUDC"]	R["R_LCYSTCBOXL"]
Probe[205820]	R["R_3SALACBOXL"]	R["R_GLUDC"]	R["R_LCYSTCBOXL"]
Probe[158320]	R["R_GALC"]
Probe[141143]	R["R_UDPG4E"]	R["R_UAG4E"]
Probe[195150]	R["R_GALGT4"]	R["R_GALGT3"]	R["R_GALGT1"]	R["R_GALGT2"]
Probe[142757]	R["R_GALK"]
Probe[200178]	R["R_GALK"]
Probe[152041]	R["R_GALASE6ly"]	R["R_SIAASE4ly"]	R["R_S6TASE25ly"]	R["R_GALASE4ly"]	R["R_GALASE10ly"]	R["R_S6TASE22ly"]	R["R_S6TASE5ly"]	R["R_GALASE13ly"]	R["R_SIAASEly"]	R["R_S6TASE9ly"]	R["R_S6TASE6ly"]	R["R_GALASE1ly"]	R["R_GALASE17ly"]	R["R_GALASE3ly"]	R["R_LACZly"]	R["R_S6TASE7ly"]	R["R_SIAASE3ly"]	R["R_GALASE11ly"]	R["R_GALASE9ly"]	R["R_GALASE19ly"]	R["R_GALASE20ly"]	R["R_SIAASE2ly"]	R["R_GALASE16ly"]	R["R_GALASE7ly"]	R["R_S6TASE4ly"]	R["R_GLB1"]	R["R_S6TASE8ly"]	R["R_GALASE5ly"]	R["R_GALASE12ly"]	R["R_GALASE15ly"]	R["R_GALASE8ly"]	R["R_GALASE18ly"]	R["R_GALASE14ly"]	R["R_S6TASE10ly"]
Probe[150052]	R["R_GALNTg"]
Probe[104741]	R["R_GALNTg"]
Probe[171103]	R["R_GALNTg"]
Probe[145554]	R["R_UGLT"]	R["R_GALT"]
Probe[225790]	R["R_GACMTRc"]
Entrez[2595]	R["R_MLTG1"]	R["R_MALT"]
Probe[235868]	R["R_GAPD"]
Probe[148113]	R["R_PRAGSr"]	R["R_PRAIS"]	R["R_GARFT"]
Probe[111904]	R["R_GLYAMDTRc"]
Probe[150003]	R["R_GBA"]	R["R_GBAl"]
Probe[234875]	R["R_GLBRAN"]
Probe[108511]	R["R_GLUTCOADHm"]
Probe[162087]	R["R_GTPCIn"]	R["R_GTPCI"]
Probe[156149]	R["R_HEX4"]	R["R_HEX1"]	R["R_HEX7"]	R["R_HEX10"]
Probe[152891]	R["R_CORE2GTg"]	R["R_CORE6GTg"]
Probe[206281]	R["R_GCNTg"]
Probe[132747]	R["R_GCCam"]	R["R_GCC2bim"]	R["R_GCC2cm"]	R["R_GCCcm"]	R["R_GCC2am"]	R["R_GCCbim"]
Entrez[2655]	R["R_GGLUCT"]
Probe[211255]	R["R_GF6PTA"]
Probe[153450]	R["R_GTMLTe"]
Entrez[2679]	R["R_GTMLTe"]
Probe[142487]	R["R_G14T20g"]	R["R_G14T18g"]	R["R_G14T13g"]	R["R_G14T7g"]	R["R_G14T21g"]	R["R_G14T15g"]	R["R_G14T4g"]	R["R_G14T5g"]	R["R_G14T10g"]	R["R_G14T16g"]	R["R_G14T14g"]	R["R_G14T8g"]	R["R_G14T19g"]	R["R_G14T9g"]	R["R_G14T2g"]	R["R_G14T11g"]	R["R_G14T3g"]	R["R_G14T17g"]	R["R_G14Tg"]	R["R_UGALGTg"]	R["R_G14T12g"]	R["R_G14T6g"]
Probe[173838]	R["R_GGT5r"]
Probe[184881]	R["R_GLYK"]	R["R_GLYKm"]
Probe[194586]	R["R_GLYK"]	R["R_GLYKm"]
Entrez[2713]	R["R_GLYK"]	R["R_GLYKm"]
Probe[107117]	R["R_GLAl"]
Probe[178379]	R["R_GALASE6ly"]	R["R_SIAASE4ly"]	R["R_S6TASE25ly"]	R["R_GALASE4ly"]	R["R_GALASE10ly"]	R["R_S6TASE22ly"]	R["R_S6TASE5ly"]	R["R_GALASE13ly"]	R["R_SIAASEly"]	R["R_S6TASE9ly"]	R["R_S6TASE6ly"]	R["R_GALASE1ly"]	R["R_GALASE17ly"]	R["R_GALASE3ly"]	R["R_LACZly"]	R["R_S6TASE7ly"]	R["R_SIAASE3ly"]	R["R_GALASE11ly"]	R["R_GALASE9ly"]	R["R_GALASE19ly"]	R["R_GALASE20ly"]	R["R_SIAASE2ly"]	R["R_GALASE16ly"]	R["R_GALASE7ly"]	R["R_S6TASE4ly"]	R["R_GLB1"]	R["R_S6TASE8ly"]	R["R_GALASE5ly"]	R["R_GALASE12ly"]	R["R_GALASE15ly"]	R["R_GALASE8ly"]	R["R_GALASE18ly"]	R["R_GALASE14ly"]	R["R_S6TASE10ly"]
Probe[196828]	R["R_GLUCYS"]
Probe[145632]	R["R_GLUCYS"]
Probe[114924]	R["R_GCCam"]	R["R_GCC2bim"]	R["R_GCC2cm"]	R["R_GCCcm"]	R["R_GCC2am"]	R["R_GCCbim"]
Probe[124095]	R["R_LGTHL"]
Probe[264797]	R["R_GLUNm"]
Probe[148065]	R["R_DASCBR"]
Probe[222632]	R["R_GLUDym"]	R["R_GLUDxm"]
Probe[128508]	R["R_GLUDym"]	R["R_GLUDxm"]
Probe[175147]	R["R_GLNS"]
Probe[137616]	R["R_GMAND"]
Probe[127019]	R["R_GMPR"]
Probe[117064]	R["R_S6TASE26ly"]	R["R_S6TASE12ly"]	R["R_S6TASE18ly"]	R["R_S6TASE23ly"]	R["R_S6TASE21ly"]	R["R_S6TASE16ly"]	R["R_S6TASE11ly"]	R["R_S6TASE17ly"]	R["R_S6TASE2ly"]	R["R_S6TASE20ly"]	R["R_S6TASE13ly"]	R["R_S6TASE3ly"]	R["R_S6TASE1ly"]	R["R_S6TASE24ly"]	R["R_S6TASE19ly"]	R["R_S6TASE15ly"]	R["R_S6TASE14ly"]
Probe[211439]	R["R_LCYSTAT"]	R["R_3SALATAi"]	R["R_ASPTA"]	R["R_EHGLAT"]	R["R_TYRTA"]	R["R_PHETA1"]	R["R_CYSTA"]
Probe[124706]	R["R_TYRTAm"]	R["R_EHGLATm"]	R["R_ASPTAm"]	R["R_LCYSTATm"]	R["R_CYSTAm"]	R["R_EHGLAT2m"]	R["R_3SALATAim"]	R["R_PHETA1m"]
Probe[182100]	R["R_G3PD1"]
Probe[153907]	R["R_G3PD2m"]
Probe[212759]	R["R_PGI"]
Probe[202952]	R["R_ALATA_L"]
Probe[153244]	R["R_GTHP"]
Probe[204000]	R["R_GTHP"]
Probe[196595]	R["R_GTHPe"]
Probe[202865]	R["R_GTHP"]	R["R_GTHPm"]
Probe[195929]	R["R_GTHOm"]	R["R_GTHO"]
Probe[152328]	R["R_GTHS"]
Probe[613296]	R["R_RAI3"]
Probe[158330]	R["R_MACACI"]
Probe[198091]	R["R_GUACYC"]
Probe[208026]	R["R_GUACYC"]
Probe[170165]	R["R_GUACYC"]
Probe[131372]	R["R_GUACYC"]
Probe[101722]	R["R_GUACYC"]
Probe[166562]	R["R_GUACYC"]
Probe[170501]	R["R_GK1"]	R["R_DGK1"]
Probe[171352]	R["R_GLCAASE4ly"]	R["R_GLCAASE6ly"]	R["R_GLCAASE5ly"]	R["R_GLCAASE1ly"]	R["R_GLCAASE9ly"]	R["R_GLCAASE8ly"]	R["R_GLCAASE7ly"]
Probe[185042]	R["R_GGNG"]	R["R_GLGNS1"]
Probe[206427]	R["R_GGNG"]	R["R_GLGNS1"]
Probe[121449]	R["R_GGNG"]	R["R_GLGNS1"]
Probe[171934]	R["R_GUACYC"]
Probe[142475]	R["R_HACD9m"]	R["R_HACD1m"]
Probe[149248]	R["R_GLYOXm"]	R["R_GLYOX"]
Probe[216174]	R["R_ECOAH12m"]	R["R_ECOAH1m"]	R["R_T2M26DCOAHLm"]	R["R_PRPNCOAHYDm"]	R["R_ECOAH9m"]	R["R_HACD1m"]	R["R_ACACT1rm"]	R["R_C2M26DCOAHLm"]
Probe[202177]	R["R_ECOAH12m"]	R["R_ECOAH1m"]	R["R_T2M26DCOAHLm"]	R["R_PRPNCOAHYDm"]	R["R_ECOAH9m"]	R["R_HACD1m"]	R["R_ACACT1rm"]	R["R_C2M26DCOAHLm"]
Probe[139001]	R["R_HACD1m"]
Probe[181086]	R["R_HISD"]
Probe[156731]	R["R_HAS1"]	R["R_HAS2"]
Probe[124848]	R["R_HAS1"]	R["R_HAS2"]
Probe[167946]	R["R_HAS1"]	R["R_HAS2"]
Probe[194873]	R["R_HISDC"]
Probe[161271]	R["R_NACHEX12ly"]	R["R_NACHEX14ly"]	R["R_NACHEX25ly"]	R["R_NACHEXA11ly"]	R["R_NACHEXA21ly"]	R["R_NACHEX3ly"]	R["R_NACHEXA5ly"]	R["R_NACHEX6ly"]	R["R_NACHEXA16ly"]	R["R_NACHEXA14ly"]	R["R_NACHEXA19ly"]	R["R_NACHEX13ly"]	R["R_NACHEX17ly"]	R["R_NACHEX11ly"]	R["R_NACHEX27ly"]	R["R_NACHEX22ly"]	R["R_NACHEXA15ly"]	R["R_NACHEX21ly"]	R["R_NACHEXA13ly"]	R["R_NACHEX8ly"]	R["R_NACHEX2ly"]	R["R_NACHEXA18ly"]	R["R_NACHEXA2ly"]	R["R_NACHEX7ly"]	R["R_NACHEXA17ly"]	R["R_NACHEXA12ly"]	R["R_NACHEX5ly"]	R["R_NACHEXA10ly"]	R["R_NACHEX16ly"]	R["R_AHEXASEly"]	R["R_NACHEX4ly"]	R["R_NACHEX1ly"]	R["R_NACHEXA6ly"]	R["R_NACHEX19ly"]	R["R_NACHEX9ly"]	R["R_NACHEXA7ly"]	R["R_NACHEX20ly"]	R["R_NACHEXA20ly"]	R["R_NACHEXA9ly"]	R["R_NACHEXA3ly"]	R["R_NACHEX24ly"]	R["R_NACHEX23ly"]	R["R_NACHEX26ly"]	R["R_NACHEXA1ly"]	R["R_NACHEXA4ly"]	R["R_NACHEX18ly"]	R["R_NACHEXA8ly"]	R["R_NACHEX10ly"]	R["R_NACHEX15ly"]	R["R_AHEXASE2ly"]	R["R_NACHEXA22ly"]
Probe[199880]	R["R_NACHEX12ly"]	R["R_NACHEX14ly"]	R["R_NACHEX25ly"]	R["R_NACHEXA11ly"]	R["R_NACHEXA21ly"]	R["R_NACHEX3ly"]	R["R_NACHEXA5ly"]	R["R_NACHEX6ly"]	R["R_NACHEXA16ly"]	R["R_NACHEXA14ly"]	R["R_NACHEXA19ly"]	R["R_NACHEX13ly"]	R["R_NACHEX17ly"]	R["R_NACHEX11ly"]	R["R_NACHEX27ly"]	R["R_NACHEX22ly"]	R["R_NACHEXA15ly"]	R["R_NACHEX21ly"]	R["R_NACHEXA13ly"]	R["R_NACHEX8ly"]	R["R_NACHEX2ly"]	R["R_NACHEXA18ly"]	R["R_NACHEXA2ly"]	R["R_NACHEX7ly"]	R["R_NACHEXA17ly"]	R["R_NACHEXA12ly"]	R["R_NACHEX5ly"]	R["R_NACHEXA10ly"]	R["R_NACHEX16ly"]	R["R_AHEXASEly"]	R["R_NACHEX4ly"]	R["R_NACHEX1ly"]	R["R_NACHEXA6ly"]	R["R_NACHEX19ly"]	R["R_NACHEX9ly"]	R["R_NACHEXA7ly"]	R["R_NACHEX20ly"]	R["R_NACHEXA20ly"]	R["R_NACHEXA9ly"]	R["R_NACHEXA3ly"]	R["R_NACHEX24ly"]	R["R_NACHEX23ly"]	R["R_NACHEX26ly"]	R["R_NACHEXA1ly"]	R["R_NACHEXA4ly"]	R["R_NACHEX18ly"]	R["R_NACHEXA8ly"]	R["R_NACHEX10ly"]	R["R_NACHEX15ly"]	R["R_AHEXASE2ly"]	R["R_NACHEXA22ly"]
Probe[109051]	R["R_HGNTOR"]
Probe[178010]	R["R_HEX4"]	R["R_HEX1"]	R["R_HEX7"]	R["R_HEX10"]
Probe[204151]	R["R_HEX4"]	R["R_HEX1"]	R["R_HEX7"]	R["R_HEX10"]
Probe[193670]	R["R_HEX4"]	R["R_HEX1"]	R["R_HEX7"]	R["R_HEX10"]
Probe[168871]	R["R_BACCLm"]	R["R_BTNPLm"]	R["R_BTNPL"]	R["R_BACCL"]
Probe[102849]	R["R_HMBS"]
Probe[107517]	R["R_HMGLx"]	R["R_HMGLm"]
Probe[174731]	R["R_HMGCOARr"]	R["R_HMGCOARx"]
Probe[193122]	R["R_HMGCOASi"]
Probe[110104]	R["R_HMGCOASim"]
Probe[142436]	R["R_HOXG"]
Probe[179149]	R["R_HOXG"]
Probe[210086]	R["R_SAMHISTA"]
Probe[102971]	R["R_ADEt"]	R["R_THYMDt1"]	R["R_URIt"]	R["R_URAt"]	R["R_INSt"]	R["R_GSNt"]	R["R_CSNt"]	R["R_THYMt"]	R["R_HYXNt"]	R["R_GUAt"]	R["R_ADNt"]	R["R_CYTDt"]
Probe[181935]	R["R_34HPPOR"]	R["R_PPOR"]
Probe[107810]	R["R_GUAPRT"]	R["R_HXPRT"]
Probe[197200]	R["R_HSD3B13"]	R["R_HSD3B11"]
Probe[201966]	R["R_HSD3B3r"]	R["R_HSD3B2r"]	R["R_HSD3B13r"]	R["R_HSD3B12r"]	R["R_HSD3B11r"]
Probe[142316]	R["R_HSD11B1r"]
Probe[125486]	R["R_HSD11B2r"]
Probe[157464]	R["R_HSD17B1"]
Probe[101269]	R["R_HSD17B3r"]
Probe[195707]	R["R_HSD17B8r"]	R["R_HSD17B2r"]
Probe[118713]	R["R_C3STKR2r"]	R["R_FAOXC2452256x"]	R["R_FAOXC183806x"]	R["R_FAOXC2051843x"]	R["R_FAOXC2242046x"]	R["R_PEROXx"]	R["R_FAOXC2252053x"]	R["R_FAOXC2442246x"]	R["R_HACD1x"]	R["R_FAOXC241181x"]	R["R_FAOXC16080x"]	R["R_FAOXC200180x"]	R["R_FAOXC260240x"]	R["R_FAOXC18480x"]	R["R_FAOXC240200x"]	R["R_HSD17B4x"]	R["R_HSD17B42x"]	R["R_FAOXC226205x"]	R["R_FAOXC246226x"]	R["R_FAOXC2251836x"]	R["R_FAOXC2452253x"]	R["R_FAOXC180x"]
Probe[124119]	R["R_GLCNACDASg"]
Probe[231342]	R["R_ICDHyp"]	R["R_ICDHy"]
Probe[232153]	R["R_ICDHyrm"]
Probe[231698]	R["R_ICDHxm"]
Probe[210137]	R["R_ICDHxm"]
Probe[215925]	R["R_ICDHxm"]
Probe[209566]	R["R_IPDDIx"]
Probe[189690]	R["R_S2TASE1ly"]	R["R_S2TASE2ly"]	R["R_S2TASE3ly"]
Probe[172250]	R["R_IDOAASE2ly"]	R["R_IDOAASE1ly"]	R["R_IDOAASE4ly"]	R["R_IDOAASE3ly"]
Probe[210816]	R["R_MI3PP"]	R["R_MI1PP"]	R["R_MI4PP"]
Probe[177144]	R["R_MI3PP"]	R["R_MI1PP"]	R["R_MI4PP"]
Probe[226018]	R["R_IMPD"]
Probe[117989]	R["R_IMPD"]
Probe[164074]	R["R_MELATN23DOX"]	R["R_SRTN23OX"]	R["R_5HTRPDOX"]
Probe[182538]	R["R_MI134PP"]	R["R_MI14PP"]
Probe[122620]	R["R_MI34PP"]
Probe[100884]	R["R_MI1345PP"]	R["R_MI145PP"]	R["R_PI345P5P"]
Probe[213370]	R["R_MI1345PP"]	R["R_MI145PP"]	R["R_PI45P5P"]	R["R_PI345P5P"]
Probe[176886]	R["R_MI1345PP"]	R["R_MI145PP"]	R["R_PI345P5P"]
Probe[146264]	R["R_MI1345PP"]	R["R_MI145PP"]	R["R_PI345P5P"]
Probe[108298]	R["R_ACONT"]
Probe[120440]	R["R_NTPP11"]	R["R_NTPP9"]	R["R_NTPP10"]
Probe[216718]	R["R_MI145PK"]
Probe[695975]	R["R_MI145PK"]
Probe[181652]	R["R_ACOAD8m"]
Probe[164341]	R["R_KHK3"]	R["R_KHK2"]	R["R_KHK"]
Probe[168130]	R["R_UGALGTg"]
Probe[169568]	R["R_LCAT1e"]
Probe[139455]	R["R_LACZe"]
Probe[120739]	R["R_MCLOR"]	R["R_LDH_L"]	R["R_LDH_Lm"]	R["R_GLXO1"]	R["R_HPYRR2x"]	R["R_2HBO"]
Probe[167986]	R["R_MCLOR"]	R["R_LDH_L"]	R["R_GLXO1"]	R["R_HPYRR2x"]	R["R_2HBO"]
Probe[162394]	R["R_MCLOR"]	R["R_LDH_L"]	R["R_GLXO1"]	R["R_HPYRR2x"]	R["R_2HBO"]
Probe[152193]	R["R_LPS2e"]	R["R_LPS3e"]	R["R_LPSe"]
Probe[166246]	R["R_DESAT20_1"]	R["R_DESAT20_2"]
Probe[187838]	R["R_LPS"]	R["R_LPS2"]
Probe[174178]	R["R_LNSTLSr"]
Probe[123804]	R["R_LTA4H"]
Probe[174043]	R["R_P4504F122r"]
Probe[171965]	R["R_LTC4Sr"]
Probe[158279]	R["R_MM7Cag"]	R["R_MM6B1ag"]	R["R_MM6B2g"]	R["R_MM6B1bg"]	R["R_MM5ag"]	R["R_MM8Ag"]	R["R_MM7B1g"]	R["R_MM8Cg"]	R["R_MM7Cbg"]	R["R_MM5bg"]	R["R_MM7B2g"]	R["R_MM5cg"]	R["R_MM6bg"]
Probe[112723]	R["R_M1316Mg"]
Probe[234537]	R["R_A_MANASE"]
Probe[193695]	R["R_M1316Mg"]
Probe[155506]	R["R_A_MANASEly"]
Probe[142447]	R["R_B_MANNASEly"]
Probe[206763]	R["R_5HOXINOXDA"]	R["R_TRYPTAOX"]	R["R_APRTO2"]	R["R_41R1H2MAE12BOOX"]	R["R_5HXKYNOXDA"]	R["R_PEAMNO"]	R["R_42A12BOOX"]	R["R_3MOXTYROX"]	R["R_41R2A1H12BOOX"]	R["R_TYROXDAc"]	R["R_MAOLNOR"]	R["R_3HXKYNOXDA"]
Probe[214773]	R["R_5HOXINOXDA"]	R["R_TRYPTAOX"]	R["R_APRTO2"]	R["R_41R1H2MAE12BOOX"]	R["R_5HXKYNOXDA"]	R["R_PEAMNO"]	R["R_42A12BOOX"]	R["R_3MOXTYROX"]	R["R_41R2A1H12BOOX"]	R["R_TYROXDAc"]	R["R_MACOXO"]	R["R_MAOLNOR"]	R["R_3HXKYNOXDA"]
Probe[142748]	R["R_METAT"]	R["R_SELMETAT"]
Probe[158350]	R["R_METAT"]	R["R_SELMETAT"]
Probe[112524]	R["R_S6T12g"]	R["R_S6T7g"]	R["R_S6T17g"]	R["R_S6T11g"]	R["R_S6T14g"]	R["R_S6T1g"]	R["R_S6T2g"]	R["R_S6T10g"]	R["R_S6T13g"]	R["R_S6T5g"]	R["R_S6T9g"]	R["R_S6T6g"]	R["R_S6T8g"]	R["R_S6T16g"]	R["R_S6T4g"]
Probe[214416]	R["R_SLDx"]	R["R_MDH"]
Probe[153949]	R["R_MDHm"]	R["R_SLDxm"]
Probe[156511]	R["R_ME2"]
Probe[161632]	R["R_ME2m"]	R["R_ME1m"]
Probe[189406]	R["R_M13N2Tg"]
Probe[228687]	R["R_M16NTg"]
Probe[142376]	R["R_M14NTg"]
Probe[192656]	R["R_M16N6Tg"]
Probe[180333]	R["R_LTC4Sr"]
Probe[191847]	R["R_LTC4Sr"]
Probe[184174]	R["R_LCADim"]	R["R_GCALDDm"]	R["R_LCADi_Dm"]	R["R_MMSAD3m"]	R["R_MMSAD1m"]
Probe[130163]	R["R_MAN6PI"]
Probe[193653]	R["R_PRDXl"]
Probe[155792]	R["R_MCPST"]
Probe[117528]	R["R_ANDRSTRNGLCte"]	R["R_BILDGLCURte"]	R["R_5ADTSTSTERONEGLCte"]	R["R_AHANDROSTANGLCte"]	R["R_BILGLCURte"]	R["R_ESTRIOLGLCte"]	R["R_TSTSTERONEGLCte"]
Probe[202678]	R["R_MTAP"]
Entrez[4512]	R["R_CYOOm3"]
Probe[701229]	R["R_CYOOm3"]
Entrez[4514]	R["R_CYOOm3"]
Entrez[4519]	R["R_CYOR_DASH_u10m"]
Probe[189365]	R["R_MTHFD"]	R["R_FTHFL"]	R["R_MTHFC"]
Probe[180670]	R["R_MTHFR3"]
Entrez[4535]	R["R_NADH2_DASH_u10m"]
Entrez[4536]	R["R_NADH2_DASH_u10m"]
Entrez[4537]	R["R_NADH2_DASH_u10m"]
Entrez[4538]	R["R_NADH2_DASH_u10m"]
Entrez[4539]	R["R_NADH2_DASH_u10m"]
Entrez[4540]	R["R_NADH2_DASH_u10m"]
Entrez[4541]	R["R_NADH2_DASH_u10m"]
Probe[112249]	R["R_METS"]
Probe[197423]	R["R_MMMm"]
Probe[113632]	R["R_DPMVDx"]
Probe[113573]	R["R_MEVK1x"]
Probe[234570]	R["R_NAGAly"]	R["R_NAGA2ly"]
Probe[165786]	R["R_GLCNACASE1ly"]	R["R_GLCNACASE5ly"]	R["R_GLCNACASE2ly"]	R["R_GLCNACASE4ly"]	R["R_GLCNACASE3ly"]
Probe[189140]	R["R_NADH2_DASH_u10m"]
Probe[115673]	R["R_NADH2_DASH_u10m"]
Probe[189650]	R["R_NADH2_DASH_u10m"]
Probe[216766]	R["R_NADH2_DASH_u10m"]
Probe[111019]	R["R_NADH2_DASH_u10m"]
Probe[213004]	R["R_NADH2_DASH_u10m"]
Probe[180028]	R["R_NADH2_DASH_u10m"]
Probe[200193]	R["R_NADH2_DASH_u10m"]
Probe[122265]	R["R_NADH2_DASH_u10m"]
Probe[193619]	R["R_NADH2_DASH_u10m"]
Probe[201836]	R["R_NADH2_DASH_u10m"]
Probe[105984]	R["R_NADH2_DASH_u10m"]
Probe[174714]	R["R_NADH2_DASH_u10m"]
Probe[137630]	R["R_NADH2_DASH_u10m"]
Probe[105602]	R["R_NADH2_DASH_u10m"]
Probe[203232]	R["R_NADH2_DASH_u10m"]
Probe[184486]	R["R_NADH2_DASH_u10m"]
Probe[118211]	R["R_NADH2_DASH_u10m"]
Probe[148565]	R["R_NADH2_DASH_u10m"]
Probe[186731]	R["R_NADH2_DASH_u10m"]
Probe[150299]	R["R_NADH2_DASH_u10m"]
Probe[206825]	R["R_NADH2_DASH_u10m"]
Probe[162470]	R["R_NADH2_DASH_u10m"]
Probe[202982]	R["R_NADH2_DASH_u10m"]
Probe[165585]	R["R_NADH2_DASH_u10m"]
Probe[216204]	R["R_NADH2_DASH_u10m"]
Probe[183186]	R["R_NADH2_DASH_u10m"]
Probe[187656]	R["R_NADH2_DASH_u10m"]
Probe[133148]	R["R_NADH2_DASH_u10m"]
Probe[167203]	R["R_NADH2_DASH_u10m"]
Probe[162160]	R["R_NADH2_DASH_u10m"]
Probe[155598]	R["R_NADH2_DASH_u10m"]
Probe[157702]	R["R_NADH2_DASH_u10m"]
Probe[180957]	R["R_GALASE6ly"]	R["R_SIAASE4ly"]	R["R_S6TASE25ly"]	R["R_GALASE4ly"]	R["R_GALASE10ly"]	R["R_S6TASE22ly"]	R["R_S6TASE5ly"]	R["R_GALASE13ly"]	R["R_SIAASEly"]	R["R_S6TASE9ly"]	R["R_S6TASE6ly"]	R["R_GALASE1ly"]	R["R_GALASE17ly"]	R["R_GALASE3ly"]	R["R_LACZly"]	R["R_S6TASE7ly"]	R["R_SIAASE3ly"]	R["R_GALASE11ly"]	R["R_GALASE9ly"]	R["R_GALASE19ly"]	R["R_GALASE20ly"]	R["R_SIAASE2ly"]	R["R_GALASE16ly"]	R["R_GALASE7ly"]	R["R_S6TASE4ly"]	R["R_GLB1"]	R["R_S6TASE8ly"]	R["R_GALASE5ly"]	R["R_GALASE12ly"]	R["R_GALASE15ly"]	R["R_GALASE8ly"]	R["R_GALASE18ly"]	R["R_GALASE14ly"]	R["R_S6TASE10ly"]
Probe[129943]	R["R_SIAASE"]
Probe[182774]	R["R_NDPK1"]	R["R_NDPK5"]	R["R_NDPK6"]	R["R_NDPK7"]	R["R_NDPK9"]	R["R_NDPK4"]	R["R_NDPK10n"]	R["R_NDPK1n"]	R["R_NDPK8"]	R["R_NDPK6n"]	R["R_NDPK10"]	R["R_NDPK2n"]	R["R_NDPK5n"]	R["R_NDPK7n"]	R["R_NDPK3"]	R["R_NDPK2"]	R["R_NDPK4n"]	R["R_NDPK8n"]	R["R_NDPK3n"]	R["R_NDPK9n"]
Probe[200308]	R["R_NDPK1"]	R["R_NDPK5"]	R["R_NDPK6"]	R["R_NDPK7"]	R["R_NDPK9"]	R["R_NDPK4"]	R["R_NDPK10n"]	R["R_NDPK1n"]	R["R_NDPK8"]	R["R_NDPK6n"]	R["R_NDPK10"]	R["R_NDPK2n"]	R["R_NDPK5n"]	R["R_NDPK7n"]	R["R_NDPK3"]	R["R_NDPK2"]	R["R_NDPK4n"]	R["R_NDPK8n"]	R["R_NDPK3n"]	R["R_NDPK9n"]
Probe[149010]	R["R_NDPK1"]	R["R_NDPK5"]	R["R_NDPK6"]	R["R_NDPK7"]	R["R_NDPK9"]	R["R_NDPK4"]	R["R_NDPK8"]	R["R_NDPK10"]	R["R_NDPK3"]	R["R_NDPK2"]
Probe[105271]	R["R_NDPK4m"]	R["R_NDPK8m"]	R["R_NDPK1m"]	R["R_NDPK7m"]	R["R_NDPK2m"]	R["R_NDPK10m"]	R["R_NDPK9m"]	R["R_NDPK5m"]	R["R_NDPK6m"]	R["R_NDPK3m"]
Probe[125400]	R["R_NNMT"]
Probe[147703]	R["R_NOS1"]	R["R_NOS2"]
Probe[124833]	R["R_NOS1"]	R["R_NOS2"]
Entrez[4844]	R["R_NOS1"]	R["R_NOS2"]
Entrez[4845]	R["R_NOS1"]	R["R_NOS2"]
Probe[197614]	R["R_NOS1"]	R["R_NOS2"]
Probe[147282]	R["R_PUNP1"]	R["R_NP1"]	R["R_PUNP3"]	R["R_PUNP5"]	R["R_PUNP6"]	R["R_PUNP4"]	R["R_PUNP7"]	R["R_PNP"]	R["R_PUNP2"]	R["R_DURIPP"]
Probe[166062]	R["R_GUACYC"]
Probe[210079]	R["R_GUACYC"]
Probe[150576]	R["R_ATPS4m"]
Probe[211278]	R["R_NTD4e"]	R["R_NTD2e"]	R["R_NTD7e"]	R["R_NTD9e"]
Probe[196523]	R["R_ORNTArm"]
Probe[137968]	R["R_PI45P5P"]
Probe[118774]	R["R_ORNDC"]
Probe[174312]	R["R_AKGDm"]	R["R_2OXOADOXm"]
Probe[208945]	R["R_OCBTm"]
Probe[151472]	R["R_OCOAT1m"]
Probe[172937]	R["R_PROAKGOX1r"]
Probe[211546]	R["R_PROAKGOX1r"]
Probe[158523]	R["R_PAFH"]
Probe[161340]	R["R_PAFH"]
Probe[194871]	R["R_PAFH"]
Probe[144160]	R["R_PAFH"]
Probe[202455]	R["R_GTHP"]
Probe[200862]	R["R_PHETHPTOX2"]
Probe[149211]	R["R_PCm"]
Probe[119696]	R["R_THBPT4ACAMDASE"]
Probe[126484]	R["R_PPCOACm"]
Probe[187979]	R["R_PPCOACm"]
Probe[112194]	R["R_PEPCK"]
Probe[138185]	R["R_PEPCKm"]
Probe[112773]	R["R_CPCTDTX"]	R["R_CHLPCTD"]
Probe[134508]	R["R_PDE4"]	R["R_PDE1"]
Probe[111213]	R["R_PDE4"]	R["R_PDE1"]
Probe[139299]	R["R_PDE4"]	R["R_PDE1"]
Probe[123743]	R["R_PDE4"]	R["R_PDE1"]
Probe[170247]	R["R_PDE4"]	R["R_PDE1"]
Probe[197668]	R["R_PDE1"]
Probe[270143]	R["R_PDE1"]
Probe[164335]	R["R_PDE1"]
Probe[164053]	R["R_PDE1"]
Probe[131198]	R["R_PDE4"]
Probe[124132]	R["R_PDE4"]
Probe[216867]	R["R_PDE4"]
Probe[175882]	R["R_PDE4"]
Probe[178083]	R["R_PDE4"]
Probe[223497]	R["R_PDE1"]
Probe[223043]	R["R_PDE1"]
Probe[105408]	R["R_PDE4"]	R["R_PDE4n"]
Probe[174338]	R["R_PDE4"]	R["R_PDE1"]
Probe[120762]	R["R_PDE4"]
Probe[210097]	R["R_PDHm"]
Probe[164213]	R["R_PDHm"]
Probe[171509]	R["R_PDHm"]
Probe[196463]	R["R_DNADDP"]	R["R_FADDP"]	R["R_NNAT"]	R["R_UDPGP"]
Probe[146772]	R["R_DNADDP"]	R["R_NNAT"]	R["R_UDPGP"]
Probe[108225]	R["R_DNADDP"]	R["R_NNAT"]	R["R_UDPGP"]
Probe[194103]	R["R_CLI2tex"]	R["R_CLHCOtex"]	R["R_CLFORtex"]
Probe[128418]	R["R_PRFGS"]
Probe[160822]	R["R_PFK26"]	R["R_FBP26"]
Probe[197073]	R["R_PFK26"]	R["R_FBP26"]
Probe[198714]	R["R_PFK26"]	R["R_FBP26"]
Probe[136461]	R["R_PFK26"]	R["R_FBP26"]
Probe[180589]	R["R_PFK"]
Probe[116635]	R["R_PFK"]
Probe[128305]	R["R_PFK"]
Probe[146105]	R["R_DPGase"]	R["R_PGM"]	R["R_DPGM"]
Probe[225983]	R["R_DPGase"]	R["R_PGM"]	R["R_DPGM"]
Probe[100120]	R["R_GND"]
Probe[138964]	R["R_PGK"]
Probe[104878]	R["R_PGK"]
Probe[155063]	R["R_PGMT"]	R["R_PPM"]
Probe[205937]	R["R_ACGAMPM"]
Entrez[5240]	R["R_PGLYCP"]
Probe[216216]	R["R_PCt"]
Probe[160860]	R["R_PIt2m"]
Probe[183211]	R["R_PHYHx"]
Probe[156986]	R["R_PIACGT"]
Probe[161857]	R["R_PIACGT"]
Probe[217037]	R["R_M4BET2er"]	R["R_H4ET3er"]	R["R_M4CET3er"]	R["R_H6_APOS_ET2er"]	R["R_H6ET3er"]	R["R_H7ET2er"]
Probe[187360]	R["R_PIACGT"]
Probe[135135]	R["R_PIK3"]	R["R_PI5P3K"]	R["R_PI4P3K"]
Probe[129999]	R["R_PIK3er"]	R["R_PIK3"]	R["R_PI5P3K"]	R["R_PI4P3K"]	R["R_PI4P3Ker"]	R["R_PI5P3Ker"]
Probe[147967]	R["R_PIK3"]	R["R_PI5P3K"]	R["R_PI4P3K"]
Probe[212834]	R["R_PIK3"]	R["R_PI5P3K"]
Probe[206344]	R["R_PI45P3K"]	R["R_PIK3"]	R["R_PI5P3K"]	R["R_PI4P3K"]
Probe[205200]	R["R_PI45P3K"]	R["R_PIK3"]	R["R_PI5P3K"]	R["R_PI4P3K"]
Probe[103919]	R["R_PI45P3K"]	R["R_PIK3"]	R["R_PI5P3K"]	R["R_PI4P3K"]
Probe[138160]	R["R_PI45P3K"]	R["R_PIK3"]	R["R_PI5P3K"]	R["R_PI4P3K"]
Probe[180157]	R["R_PI45P3K"]	R["R_PIK3"]	R["R_PI5P3K"]	R["R_PI4P3K"]
Probe[138389]	R["R_PI45P3K"]	R["R_PIK3"]	R["R_PI5P3K"]	R["R_PI4P3K"]
Probe[202905]	R["R_PIK4"]	R["R_PI5P4K"]	R["R_PI3P4K"]
Probe[179706]	R["R_PIK4"]	R["R_PI5P4K"]	R["R_PI3P4K"]
Probe[195337]	R["R_PI4P5K"]
Probe[213405]	R["R_PYK"]
Probe[113563]	R["R_PYK"]
Probe[145859]	R["R_PLA2_2e"]
Probe[134713]	R["R_PLA2_2e"]	R["R_PLA2_2"]
Probe[185568]	R["R_LPASE"]
Probe[208813]	R["R_PLA2_2e"]
Probe[124165]	R["R_PIPLC"]	R["R_PI4PLC"]	R["R_PI45PLC"]
Probe[175969]	R["R_PIPLC"]	R["R_PI4PLC"]	R["R_PI45PLC"]
Probe[100736]	R["R_PIPLC"]	R["R_PI4PLC"]	R["R_PI45PLC"]
Probe[125800]	R["R_PIPLC"]	R["R_PI4PLC"]	R["R_PI45PLC"]
Probe[206894]	R["R_PIPLC"]	R["R_PI4PLC"]	R["R_PI45PLC"]
Probe[211808]	R["R_PIPLC"]	R["R_PI4PLC"]	R["R_PI45PLC"]
Probe[188291]	R["R_PIPLC"]	R["R_PI4PLC"]	R["R_PI45PLC"]
Probe[206130]	R["R_PCHOLPr_hs"]	R["R_PCHOLPm_hs"]	R["R_PCHOLPg_hs"]
Probe[199728]	R["R_PCHOLP_hs"]
Probe[148650]	R["R_PCLYSOX"]
Probe[176082]	R["R_PCLYSOX"]
Probe[180829]	R["R_PMANM"]
Probe[208328]	R["R_PMANM"]
Probe[118072]	R["R_LPSe"]
Probe[215690]	R["R_LPSe"]
Probe[211422]	R["R_LPSe"]
Probe[206211]	R["R_NORANMT"]
Probe[107026]	R["R_PPA"]
Probe[156570]	R["R_GLUPRT"]
Probe[208732]	R["R_GALASE6ly"]	R["R_SIAASE4ly"]	R["R_S6TASE25ly"]	R["R_GALASE4ly"]	R["R_GALASE10ly"]	R["R_S6TASE22ly"]	R["R_S6TASE5ly"]	R["R_GALASE13ly"]	R["R_SIAASEly"]	R["R_S6TASE9ly"]	R["R_S6TASE6ly"]	R["R_GALASE1ly"]	R["R_GALASE17ly"]	R["R_GALASE3ly"]	R["R_LACZly"]	R["R_S6TASE7ly"]	R["R_SIAASE3ly"]	R["R_GALASE11ly"]	R["R_GALASE9ly"]	R["R_GALASE19ly"]	R["R_GALASE20ly"]	R["R_SIAASE2ly"]	R["R_GALASE16ly"]	R["R_GALASE7ly"]	R["R_S6TASE4ly"]	R["R_GLB1"]	R["R_S6TASE8ly"]	R["R_GALASE5ly"]	R["R_GALASE12ly"]	R["R_GALASE15ly"]	R["R_GALASE8ly"]	R["R_GALASE18ly"]	R["R_GALASE14ly"]	R["R_S6TASE10ly"]
Probe[132706]	R["R_PPPGOm"]
Probe[122309]	R["R_PROD2m"]	R["R_PRO1xm"]
Probe[109788]	R["R_PRPPS"]
Probe[208148]	R["R_PRPPS"]
Probe[128345]	R["R_PSP_L"]
Probe[107316]	R["R_PI345P3P"]	R["R_PI345P3Pn"]
Probe[133900]	R["R_PGDIr"]	R["R_PGDI"]
Probe[198375]	R["R_PGISr"]
Probe[168127]	R["R_PGSr"]	R["R_PGS"]
Probe[208388]	R["R_PGSr"]	R["R_PGS"]
Probe[112981]	R["R_PTHPSn"]	R["R_PTHPS"]
Probe[119283]	R["R_P5CRxm"]	R["R_P5CRm"]
Probe[132203]	R["R_LCADim"]	R["R_GCALDDm"]	R["R_GLU5Km"]	R["R_LCADi_Dm"]	R["R_AGPRim"]	R["R_G5SDym"]
Probe[164480]	R["R_EPCTX"]	R["R_PETHCT"]
Probe[152627]	R["R_GLPASE1"]	R["R_GLPASE2"]
Probe[150387]	R["R_GLPASE1"]	R["R_GLPASE2"]
Probe[104610]	R["R_GLPASE1"]	R["R_GLPASE2"]
Probe[150087]	R["R_DHPR"]
Probe[118996]	R["R_RDH2"]	R["R_RDH1"]	R["R_RDH4"]	R["R_RDH3"]
Probe[148771]	R["R_ACGAM2E"]
Probe[192698]	R["R_NH4t3r"]
Probe[122143]	R["R_RPE"]
Probe[121882]	R["R_DOLASNT_Uer"]	R["R_DOLASNT_Ler"]
Probe[152345]	R["R_DOLASNT_Uer"]	R["R_DOLASNT_Ler"]
Probe[162558]	R["R_RNDR4"]	R["R_RNDR3"]	R["R_RNDR2"]	R["R_RNDR1"]
Probe[134286]	R["R_RNDR4"]	R["R_RNDR3"]	R["R_RNDR2"]	R["R_RNDR1"]
Probe[186249]	R["R_PTRCAT1"]
Probe[157577]	R["R_C4STMO1r"]	R["R_C4STMO2r"]
Probe[235655]	R["R_LSTO1r"]	R["R_LSTO2r"]
Probe[151759]	R["R_DESAT18_3"]	R["R_DESAT18_4"]	R["R_DESAT18_5"]	R["R_DESAT16_2"]
Probe[215678]	R["R_SCPx"]	R["R_SCP2x"]	R["R_SCP21x"]	R["R_SCP3x"]	R["R_SCP22x"]
Probe[153119]	R["R_SUCD1m"]
Probe[215062]	R["R_SUCD1m"]
Probe[118968]	R["R_SUCD1m"]
Probe[100503]	R["R_SUCD1m"]
Probe[178825]	R["R_HS1ly"]	R["R_HS3ly"]	R["R_HS4ly"]	R["R_HS2ly"]
Probe[122104]	R["R_GHMT3"]	R["R_GHMT2r"]
Probe[104090]	R["R_GHMT2rm"]	R["R_GHMT3m"]
Probe[141241]	R["R_SUCRe"]	R["R_O16G1e"]	R["R_O16G2e"]
Probe[145959]	R["R_S26Tg"]
Probe[151579]	R["R_S23T4g"]	R["R_S23Tg"]	R["R_S23T2g"]
Probe[201354]	R["R_S23T4g"]	R["R_ST3GAL21g"]	R["R_S23T2g"]	R["R_SIAT4Bg"]	R["R_ST3GAL22g"]	R["R_ST3GAL23g"]
Probe[201587]	R["R_S23T4g"]	R["R_S23T2g"]
Probe[134014]	R["R_S23T3g"]	R["R_ST3GAL31g"]
Probe[102013]	R["R_ST8SIA12"]	R["R_ST8SIA11"]
Probe[169469]	R["R_GLUt6"]	R["R_ASPt6"]	R["R_ASPDt6"]
Probe[104294]	R["R_GLUt6"]	R["R_ASPt6"]	R["R_ASPDt6"]
Probe[148167]	R["R_GLUt6"]	R["R_ASPt6"]	R["R_ASPDt6"]
Probe[110560]	R["R_HCO3_CLt"]
Probe[179700]	R["R_SERCYSNaEx"]	R["R_CYSTHRNaEx"]	R["R_THRALANaEx"]	R["R_THRSERNaEx"]	R["R_THRCYSNaEx"]	R["R_CYSSERNaEx"]	R["R_ALATHRNaEx"]	R["R_ALASERNaEx"]	R["R_CYSALANaEx"]	R["R_SERTHRNaEx"]	R["R_SERALANaEx"]	R["R_ALACYSNaEx"]
Probe[197251]	R["R_SERCYSNaEx"]	R["R_CYSTHRNaEx"]	R["R_GLNASNNaEx"]	R["R_THRALANaEx"]	R["R_SERASNNaEx"]	R["R_THRSERNaEx"]	R["R_THRASNNaEx"]	R["R_GLNCYSNaEx"]	R["R_THRCYSNaEx"]	R["R_CYSASNNaEx"]	R["R_CYSSERNaEx"]	R["R_ALATHRNaEx"]	R["R_GLNALANaEx"]	R["R_ASNCYSNaEx"]	R["R_ASNALANaEx"]	R["R_GLNTHRNaEx"]	R["R_ASNTHRNaEx"]	R["R_CYSGLNNaEx"]	R["R_ALASERNaEx"]	R["R_ALAASNNaEx"]	R["R_ASNSERNaEx"]	R["R_CYSALANaEx"]	R["R_GLNSERNaEx"]	R["R_THRGLNNaEx"]	R["R_SERGLNNaEx"]	R["R_SERTHRNaEx"]	R["R_ASNGLNNaEx"]	R["R_SERALANaEx"]	R["R_ALAGLNNaEx"]	R["R_ALACYSNaEx"]
Probe[108082]	R["R_GLUt6"]	R["R_ASPt6"]	R["R_ASPDt6"]
Probe[221631]	R["R_GLUt6"]	R["R_ASPt6"]	R["R_ASPDt6"]
Probe[146990]	R["R_MANt1r"]	R["R_GLCt1r"]	R["R_GALt1r"]	R["R_GAMt1r"]	R["R_DHAAt1r"]	R["R_GLCtg"]
Probe[210392]	R["R_MANt1r"]	R["R_GLCt1r"]	R["R_FRUt1r"]	R["R_GALt1r"]	R["R_GAMt1r"]
Probe[180998]	R["R_MALTt1r"]	R["R_MANt1r"]	R["R_GLCt1r"]	R["R_GALt1r"]	R["R_XYLt"]	R["R_DHAAt1r"]
Probe[212620]	R["R_GLCt1r"]	R["R_GAMt1r"]	R["R_DHAAt1r"]
Probe[131123]	R["R_FRUt1r"]
Probe[124626]	R["R_AMY1e"]	R["R_CYSTSERex"]	R["R_AMY2e"]	R["R_SERLYSNaex"]
Probe[131551]	R["R_ALADGLYexR"]	R["R_METLEUex"]	R["R_ALAGLYexR"]	R["R_CYSGLUexR"]	R["R_THRGLYexR"]	R["R_SERGLYexR"]	R["R_SERDGLYexR"]	R["R_SERDGLNexR"]	R["R_AMY1e"]	R["R_ARGLYSex"]	R["R_LEUt4"]	R["R_CYSGLYexR"]	R["R_CYSTGLUex"]	R["R_CYSGLYex"]	R["R_SERGLNexR"]	R["R_AMY2e"]	R["R_ALAGLNexR"]	R["R_THRGLNexR"]	R["R_ALADGLNexR"]
Probe[202411]	R["R_HCO3_CLt"]
Probe[164313]	R["R_HCO3_CLt"]
Probe[188172]	R["R_UREAt"]	R["R_GALt2_2"]	R["R_NAt"]	R["R_GLCt4_2"]	R["R_GLCt2_2"]	R["R_GALt4_2"]	R["R_UREAt5"]	R["R_H2Ot"]
Probe[171433]	R["R_GLCt4"]	R["R_GLCt2r"]
Probe[189482]	R["R_INSTt4"]	R["R_GLCt4"]	R["R_NAt"]
Probe[193100]	R["R_NAIt"]	R["R_UREAt"]	R["R_NAt"]
Probe[123232]	R["R_ABUTt4_LPAREN_2_RPAREN_r"]
Probe[149251]	R["R_NRPPHRt4_LPAREN_2_RPAREN_r"]	R["R_DOPAt4_LPAREN_2_RPAREN_r"]
Probe[179869]	R["R_NRPPHRt4_LPAREN_2_RPAREN_r"]	R["R_DOPAt4_LPAREN_2_RPAREN_r"]
Probe[200349]	R["R_SRTNt6_LPAREN_2_RPAREN_r"]
Probe[706058]	R["R_TAURtcx"]	R["R_TAURt4_LPAREN_2_RPAREN_r"]
Probe[191837]	R["R_PROt4_LPAREN_2_RPAREN_r"]
Probe[142233]	R["R_CREATt4_LPAREN_2_RPAREN_r"]
Probe[198628]	R["R_GLYt7_LPAREN_211_RPAREN_r"]
Entrez[6537]	R["R_CREATt4_LPAREN_2_RPAREN_r"]
Probe[200794]	R["R_ABUTt4_LPAREN_2_RPAREN_r"]
Probe[152190]	R["R_ABUTt4_LPAREN_2_RPAREN_r"]	R["R_GLYBt4_LPAREN_2_RPAREN_r"]
Probe[203258]	R["R_ABUTt4_LPAREN_2_RPAREN_r"]
Probe[147936]	R["R_ORNtiDF"]	R["R_HOMt4"]	R["R_ALAt4"]	R["R_ARGtiDF"]	R["R_PHEt4"]	R["R_LEUt4"]	R["R_LYStiDF"]
Probe[183434]	R["R_ORNtiDF"]	R["R_HOMt4"]	R["R_ALAt4"]	R["R_ARGtiDF"]	R["R_PHEt4"]	R["R_LEUt4"]	R["R_LYStiDF"]
Probe[162683]	R["R_CAt7r"]
Probe[211315]	R["R_CAt7r"]
Probe[114939]	R["R_CAt7r"]
Probe[125525]	R["R_NAt5"]	R["R_NAt3_1"]
Probe[192584]	R["R_NAt5"]	R["R_NAt3_1"]
Probe[120208]	R["R_NAt5"]	R["R_NAt3_1"]
Probe[175413]	R["R_NAt3_1"]
Probe[104648]	R["R_GCHOLAt2"]	R["R_CHOLATEt2"]	R["R_TCHOLAt2"]	R["R_ESTRONESt2"]
Probe[156754]	R["R_GCHOLAt2"]	R["R_CHOLATEt2"]	R["R_TCHOLAt2"]
Probe[196345]	R["R_NKCCt"]	R["R_NKCC2t"]
Probe[213519]	R["R_NKCCt"]	R["R_NKCC2t"]
Probe[208858]	R["R_NCCt"]
Probe[135660]	R["R_KCC2t"]	R["R_KCCt"]
Probe[199897]	R["R_TSULt4_3"]	R["R_SELt4_3"]	R["R_SO4t4_3"]
Probe[191944]	R["R_UREAt"]
Probe[156705]	R["R_CGLYt3_LPAREN_2_RPAREN_"]
Probe[186473]	R["R_ACACt2m"]	R["R_BTNt2m"]	R["R_PYRt2m"]	R["R_ACETONEt2m"]	R["R_L_DASH_LACt2r"]	R["R_PYRt2r"]	R["R_ACACt2"]	R["R_BUTt2m"]	R["R_BTNt2"]	R["R_ACETONEt2"]	R["R_D_DASH_LACtm"]	R["R_L_DASH_LACtm"]	R["R_PYRt2p"]	R["R_BUTt2r"]	R["R_2HBt2"]	R["R_D_DASH_LACt2"]
Probe[127400]	R["R_THYOXt2"]	R["R_TRIODTHYt2"]
Probe[155781]	R["R_PIt7ir"]
Probe[207681]	R["R_PIt7"]
Probe[127370]	R["R_ADRNLPVESSEC"]	R["R_NRPPHRVESSEC"]	R["R_DOPAVESSEC"]	R["R_5HTRPVESSEC"]	R["R_HISTAVESSEC"]
Probe[192063]	R["R_ADRNLPVESSEC"]	R["R_NRPPHRVESSEC"]	R["R_DOPAVESSEC"]	R["R_5HTRPVESSEC"]	R["R_HISTAVESSEC"]
Probe[172976]	R["R_ACHVESSEC"]
Probe[149707]	R["R_THFt2"]	R["R_5FTHFt2"]	R["R_THMTPt"]	R["R_FOLt2"]	R["R_THMMPt4"]	R["R_5MTHFt2"]
Probe[175647]	R["R_PIt8"]
Probe[132288]	R["R_PIt8"]
Probe[150170]	R["R_CITtbm"]	R["R_CITtam"]
Probe[178284]	R["R_PROSTGE1t"]	R["R_PROSTGE2t"]	R["R_PROSTGD2t"]
Probe[192702]	R["R_GCHOLAt"]	R["R_TRIODTHYt"]	R["R_PROSTGE2t"]	R["R_ESTRADIOLGLCt"]	R["R_ESTRONESt"]	R["R_CHOLATEt"]	R["R_TCHOLAt"]	R["R_THYOXt"]	R["R_DHEASt"]
Probe[149581]	R["R_SRTNtu"]	R["R_PROSTGE2t2"]	R["R_PROSTGF2t"]
Probe[210780]	R["R_HISTAtu"]	R["R_NRPPHRtu"]	R["R_DOPAtu"]
Probe[135936]	R["R_SRTNtu"]	R["R_HISTAtu"]	R["R_PROSTGE2t2"]	R["R_DEBRISOQUINEt"]	R["R_CHOLtu"]	R["R_NRPPHRtu"]	R["R_DOPAtu"]	R["R_PROSTGF2t"]
Probe[107094]	R["R_CRNtHa"]	R["R_CRNtuIR"]
Probe[137261]	R["R_METt4"]	R["R_CHOLtu"]	R["R_CRNt"]	R["R_LYSt4"]	R["R_CRNtuNa"]
Probe[104638]	R["R_SPRMS"]
Probe[211694]	R["R_SOAT11r"]	R["R_SOAT12r"]	R["R_SOAT11"]	R["R_SOAT12"]
Probe[170191]	R["R_SPODMn"]	R["R_SPODMx"]	R["R_SPODM"]
Probe[233723]	R["R_SPODMm"]
Probe[197608]	R["R_SPODMe"]
Probe[172779]	R["R_SBTD_D2"]
Probe[120981]	R["R_UAGDP"]
Probe[120321]	R["R_SPRn"]	R["R_SPR"]
Probe[204252]	R["R_SQLEr"]
Probe[122288]	R["R_SR5AR2r"]	R["R_SR5ARr"]
Probe[198982]	R["R_SR5AR2r"]	R["R_SR5ARr"]
Probe[202007]	R["R_AKR1D"]	R["R_AKR1D2"]
Probe[102788]	R["R_SPMS"]
Probe[184216]	R["R_DHEASULT"]	R["R_ESTSULT"]
Probe[199358]	R["R_FAEL183"]	R["R_FAEL204"]	R["R_FAEL184"]	R["R_FAEL205"]
Probe[163151]	R["R_DOPASULT"]	R["R_4NPHSULT"]
Probe[180412]	R["R_DOPASULT"]	R["R_4NPHSULT"]	R["R_ESTSULT"]	R["R_TRIODTHYSULT"]	R["R_TYMSULT"]
Probe[220348]	R["R_DOPASULT"]	R["R_4NPHSULT"]	R["R_NRPPHRSULT"]	R["R_TYMSULT"]
Probe[187739]	R["R_CHSTEROLSULT"]	R["R_PRGNLONESULT"]
Probe[118743]	R["R_SULFOX"]
Probe[196316]	R["R_TSTSTERONESULT"]	R["R_DHEASULT"]	R["R_5ADTSTSTERONESULT"]	R["R_PRGNLONESULT"]
Probe[140664]	R["R_LYSMTF3n"]	R["R_LYSMTF2n"]	R["R_LYSMTF1n"]
Probe[235487]	R["R_TALA"]
Probe[225303]	R["R_TYRTAm"]	R["R_PHETA1m"]
Probe[175901]	R["R_TXASr"]
Probe[108167]	R["R_TRPO2"]
Probe[158513]	R["R_GTHP"]
Probe[174314]	R["R_TYR3MO2"]
Probe[164357]	R["R_DURIK1"]	R["R_TMDK1"]
Probe[124552]	R["R_DURIK1"]	R["R_TMDK1"]	R["R_TMDK1m"]	R["R_DURIK1m"]
Probe[170781]	R["R_TKT2"]	R["R_TKT1"]
Probe[148144]	R["R_C14STRr"]
Probe[176882]	R["R_TRPHYDRO2"]
Probe[147521]	R["R_TPI"]
Probe[163365]	R["R_THYPX"]	R["R_IDHPOXOX3"]	R["R_IDHPOXOX2b"]	R["R_IDHPOXOXb"]	R["R_IDHPOXOX4"]
Probe[203712]	R["R_CYANSTm"]
Probe[117856]	R["R_GFUCS"]
Probe[164857]	R["R_TRDR3"]	R["R_TRDR2"]	R["R_TRDR"]
Probe[154415]	R["R_TMDS"]
Probe[161565]	R["R_TYRDOPO"]	R["R_T4HCINNOX"]	R["R_TYRDOPO3"]	R["R_DOPACHRMISO"]
Probe[125908]	R["R_TYRASE"]
Probe[137738]	R["R_Htm"]
Probe[165200]	R["R_Htm"]
Probe[149945]	R["R_Htm"]
Probe[145640]	R["R_UGALNACtg"]	R["R_UDPGALtg"]
Probe[134083]	R["R_UGCG"]
Probe[123825]	R["R_UDPGD"]
Entrez[7359]	R["R_GALU"]
Probe[112056]	R["R_GALU"]
Probe[183223]	R["R_UGT1A8r"]
Probe[213870]	R["R_UGT1A3r"]
Probe[158959]	R["R_UGT1A3r"]
Probe[114895]	R["R_CYTDK1"]	R["R_URIK1"]
Probe[132709]	R["R_ORPT"]	R["R_OMPDC"]
Probe[219582]	R["R_PYNP2r"]
Probe[107652]	R["R_CYOR_DASH_u10m"]
Probe[213958]	R["R_CYOR_DASH_u10m"]
Probe[109862]	R["R_CYOR_DASH_u10m"]
Probe[296275]	R["R_CYOR_DASH_u10m"]
Probe[188616]	R["R_CYOR_DASH_u10m"]
Probe[138742]	R["R_UPPDC1"]
Probe[129149]	R["R_UPP3S"]
Probe[193511]	R["R_XAO2x"]	R["R_XAOx"]	R["R_XANDp"]
Probe[204646]	R["R_MG1er"]
Probe[106491]	R["R_LCADim"]	R["R_GCALDDm"]	R["R_SSALxm"]	R["R_LCADi_Dm"]
Probe[213046]	R["R_HSD17B1"]
Probe[199570]	R["R_PAFHe"]
Probe[195022]	R["R_NADH2_DASH_u10m"]
Probe[205132]	R["R_COAtm"]
Probe[207410]	R["R_AKGDm"]	R["R_2OXOADOXm"]	R["R_PDHm"]
Probe[152511]	R["R_METLEUex"]
Probe[142092]	R["R_UREAt"]
Probe[119370]	R["R_RETH"]
Probe[202748]	R["R_TKT2"]	R["R_TKT1"]
Probe[179628]	R["R_PRDX"]
Probe[172993]	R["R_ACOX22x"]	R["R_ACOX2x"]
Probe[216838]	R["R_PEROXx"]
Probe[143730]	R["R_PI34P5K"]	R["R_PI3P5K"]	R["R_PI4P5K"]	R["R_PIK5"]	R["R_PI3P4K"]
Probe[215855]	R["R_PI34P5K"]	R["R_PI3P5K"]	R["R_PI4P5K"]	R["R_PIK5"]	R["R_PI3P4K"]
Probe[209044]	R["R_PI4P5K"]
Probe[149260]	R["R_PLA2_2"]
Probe[208646]	R["R_PLA2_2e"]
Probe[110914]	R["R_AKGMALtm"]
Probe[183356]	R["R_BBHOX"]
Probe[212787]	R["R_DHAPAx"]	R["R_DHAPA"]
Probe[226054]	R["R_ILEtec"]	R["R_VALtec"]	R["R_LEUtec"]	R["R_METtec"]
Probe[216089]	R["R_PI45P3K"]	R["R_PIK3"]	R["R_PI5P3K"]	R["R_PI4P3K"]
Probe[121471]	R["R_GLCNACDASg"]
Probe[198055]	R["R_LPSe"]
Probe[189951]	R["R_DAGKn_hs"]	R["R_DAGK_hs"]
Probe[226752]	R["R_DAGK_hs"]
Probe[194946]	R["R_DAGK_hs"]
Probe[188265]	R["R_DASPO1p"]
Probe[214878]	R["R_P4504F122r"]
Probe[151863]	R["R_S6T18g"]	R["R_S6T3g"]	R["R_S6T15g"]
Probe[122858]	R["R_AGPSx"]
Probe[146475]	R["R_DHCRD1"]	R["R_DHCRD2"]
Probe[181258]	R["R_KYN3OX"]
Probe[216480]	R["R_PYDXK"]	R["R_PYDAMK"]	R["R_PYDXNK"]
Probe[226673]	R["R_PPDOx"]	R["R_PPDOy"]	R["R_LALDO2"]	R["R_ARABR"]	R["R_LALDO2x"]	R["R_ALR3"]	R["R_ALR2"]	R["R_SBTR"]
Probe[176097]	R["R_ASPGLUm"]	R["R_3SALAASPm"]	R["R_GLUt2m"]
Probe[186487]	R["R_RDH1"]
Probe[207194]	R["R_PPAP"]
Probe[120143]	R["R_PPAP"]
Probe[133742]	R["R_PPAP"]
Probe[227652]	R["R_PDE1"]
Probe[198574]	R["R_PTRCOX1"]	R["R_MHISOR"]	R["R_42A12BOOX"]	R["R_MAOX"]	R["R_13DAMPPOX"]	R["R_NMPTRCOX"]	R["R_AACTOOR"]
Probe[202506]	R["R_TCHOLAt3"]	R["R_GCHOLAt3"]	R["R_CHOLATEt3"]
Probe[192105]	R["R_PDE4"]
Probe[199584]	R["R_LCADim"]	R["R_GLACOm"]	R["R_5HOXINDACTOXm"]	R["R_GCALDDm"]	R["R_PHCDm"]	R["R_IMACTD_m"]	R["R_HPROxm"]	R["R_NABTNOm"]	R["R_4HGLSDm"]	R["R_LCADi_Dm"]	R["R_ALDD20xm"]	R["R_BAMPPALDOXm"]	R["R_P5CDm"]	R["R_PYLALDOXm"]
Probe[164016]	R["R_2HCO3_NAt"]	R["R_3HCO3_NAt"]
Probe[212738]	R["R_GALNTg"]
Probe[143032]	R["R_DGAT"]
Probe[109180]	R["R_G14T20g"]	R["R_G14T18g"]	R["R_G14T13g"]	R["R_G14T7g"]	R["R_G14T21g"]	R["R_G14T15g"]	R["R_G14T4g"]	R["R_G14T5g"]	R["R_G14T10g"]	R["R_G14T16g"]	R["R_G14T14g"]	R["R_G14T8g"]	R["R_G14T19g"]	R["R_G14T9g"]	R["R_G14T2g"]	R["R_G14T11g"]	R["R_G14T3g"]	R["R_G14T17g"]	R["R_G14Tg"]	R["R_G14T12g"]	R["R_G14T6g"]
Probe[194045]	R["R_G14T20g"]	R["R_G14T18g"]	R["R_G14T13g"]	R["R_G14T7g"]	R["R_G14T21g"]	R["R_G14T15g"]	R["R_G14T4g"]	R["R_G14T5g"]	R["R_G14T10g"]	R["R_G14T16g"]	R["R_G14T14g"]	R["R_G14T8g"]	R["R_G14T19g"]	R["R_G14T9g"]	R["R_G14T2g"]	R["R_G14T11g"]	R["R_G14T3g"]	R["R_G14T17g"]	R["R_G14Tg"]	R["R_UGALGTg"]	R["R_G14T12g"]	R["R_G14T6g"]
Probe[196992]	R["R_B3GALT44g"]	R["R_B3GALT41g"]	R["R_B3GALT43g"]	R["R_B3GALT42g"]
Probe[122305]	R["R_B3GALT3g"]
Probe[226749]	R["R_TCHOLAt3"]	R["R_GCHOLAt3"]	R["R_ESTRONEGLCt"]	R["R_CHOLATEt3"]
Probe[165842]	R["R_M4BTAer"]	R["R_M4ATAer"]	R["R_H8TAer"]	R["R_H7_APOS_TAer"]
Probe[232234]	R["R_CDSm"]
Probe[107828]	R["R_PSP_L"]
Probe[112620]	R["R_FBP"]	R["R_FBP26"]
Probe[138473]	R["R_F1PGT"]
Probe[192798]	R["R_ITCOAL1m"]	R["R_MECOAS1m"]	R["R_SUCOAS1m"]
Probe[204107]	R["R_MECOALm"]	R["R_ITCOAL1m"]	R["R_MECOAS1m"]	R["R_SUCOASm"]	R["R_SUCOAS1m"]	R["R_ITCOALm"]
Probe[129105]	R["R_MECOALm"]	R["R_SUCOASm"]	R["R_ITCOALm"]
Probe[171812]	R["R_DOLPMT_L"]	R["R_DOLPMT_U"]
Probe[181105]	R["R_PIACGT"]	R["R_DOLPMT_L"]	R["R_DOLPMT_U"]
Probe[104745]	R["R_MI34PP"]
Probe[172069]	R["R_COKECBESr"]
Probe[115522]	R["R_GMPS2"]
Probe[174605]	R["R_GGH_DASH_5DHFl"]	R["R_GGH_DASH_10FTHF7GLUe"]	R["R_GGH_DASH_10FTHF6GLUl"]	R["R_GGH_DASH_7THFe"]	R["R_GGH_DASH_6THFl"]	R["R_GGH_DASH_10FTHF6GLUe"]	R["R_GGH_DASH_7DHFl"]	R["R_GGH_DASH_6DHFl"]	R["R_GGH_DASH_6DHFe"]	R["R_GGH_DASH_10FTHF7GLUl"]	R["R_GGH_DASH_5DHFe"]	R["R_GGH_DASH_6THFe"]	R["R_GGH_DASH_5THFl"]	R["R_GGH_DASH_7DHFe"]	R["R_GGH_DASH_5THFe"]	R["R_GGH_DASH_10FTHF5GLUl"]	R["R_GGH_DASH_7THFl"]	R["R_GGH_DASH_10FTHF5GLUe"]
Probe[181728]	R["R_NABTNO"]	R["R_GCALDD"]	R["R_PYLALDOX"]	R["R_LCADi"]	R["R_ALDD20x"]	R["R_IMACTD"]	R["R_ALDD2x"]	R["R_LCADi_D"]	R["R_GLACO"]	R["R_BAMPPALDOX"]	R["R_ALDD2y"]	R["R_5HOXINDACTOX"]
Probe[107513]	R["R_MI1345PP"]	R["R_MI145PP"]	R["R_PI45P5P"]	R["R_PI345P5P"]
Probe[200446]	R["R_SIAT9g"]
Probe[131799]	R["R_PI45P5P"]	R["R_PI345P5P"]
Probe[174652]	R["R_PNTEH"]
Probe[137044]	R["R_PNTEH"]
Probe[104013]	R["R_SGPL11r"]	R["R_SGPL12r"]
Probe[173089]	R["R_BTNt3i"]	R["R_LIPOti"]	R["R_PNTOt5"]
Probe[196650]	R["R_PI3PP"]	R["R_PI35P3P"]
Probe[176743]	R["R_GGNG"]	R["R_GLGNS1"]
Probe[109699]	R["R_LFORKYNHYD"]	R["R_KYN"]	R["R_HKYNH"]
Probe[138148]	R["R_GAMYe"]	R["R_SUCRe"]	R["R_MALTe"]	R["R_MLTG1e"]
Probe[182482]	R["R_PROAKGOX1r"]
Probe[138129]	R["R_PCLYSOX"]
Probe[203866]	R["R_ATPasel"]
Probe[204200]	R["R_Htm"]
Probe[117883]	R["R_CH25H"]
Probe[125715]	R["R_SERLYSNaex"]
Probe[128395]	R["R_ARGLYSex"]
Probe[143938]	R["R_CITt4_2"]	R["R_SUCCt4_2"]
Probe[165471]	R["R_SADT"]	R["R_SELADT"]	R["R_ADSK"]	R["R_ADSELK"]
Probe[186923]	R["R_SADT"]	R["R_SELADT"]	R["R_ADSK"]	R["R_ADSELK"]
Probe[170419]	R["R_PIACGT"]
Probe[107158]	R["R_ATPasel"]
Probe[129361]	R["R_L_DASH_LACt2r"]	R["R_PYRt2r"]	R["R_ACETONEt2"]	R["R_2HBt2"]	R["R_D_DASH_LACt2"]
Probe[145340]	R["R_GLYt7_LPAREN_311_RPAREN_r"]
Probe[206104]	R["R_URIt4"]	R["R_INSt4"]	R["R_ADNt4"]	R["R_GSNt4"]
Probe[198809]	R["R_CYTDt4"]	R["R_URIt4"]	R["R_ADNt4"]	R["R_THMDt4"]
Probe[180269]	R["R_DAGKn_hs"]	R["R_DAGK_hs"]
Probe[179574]	R["R_CYOOm3"]
Probe[216954]	R["R_NCKt"]	R["R_NCNt"]
Probe[207828]	R["R_L_DASH_LACt2r"]	R["R_PYRt2r"]	R["R_ACACt2"]	R["R_ACETONEt2"]	R["R_PYRt2p"]	R["R_2HBt2"]	R["R_D_DASH_LACt2"]
Probe[210406]	R["R_GAO2g"]	R["R_ACCOAtr"]	R["R_GAO1"]	R["R_GAO2"]	R["R_ACCOAgt"]	R["R_GAO1g"]
Probe[107720]	R["R_LRAT"]
Probe[130913]	R["R_CORE2GTg"]	R["R_CORE4GTg"]
Probe[152262]	R["R_ATPasel"]
Probe[147573]	R["R_G14T20g"]	R["R_G14T18g"]	R["R_G14T13g"]	R["R_G14T7g"]	R["R_G14T21g"]	R["R_G14T15g"]	R["R_G14T4g"]	R["R_G14T5g"]	R["R_G14T10g"]	R["R_G14T16g"]	R["R_G14T14g"]	R["R_G14T8g"]	R["R_G14T19g"]	R["R_G14T9g"]	R["R_G14T2g"]	R["R_G14T11g"]	R["R_G14T3g"]	R["R_G14T17g"]	R["R_G14Tg"]	R["R_G14T12g"]	R["R_G14T6g"]
Probe[130681]	R["R_GLCNACDASg"]
Probe[157518]	R["R_CYOOm3"]
Probe[130712]	R["R_HPYRRy"]	R["R_LALDD"]	R["R_GLYCLTDy"]
Probe[200619]	R["R_LPSe"]
Probe[168822]	R["R_S6T25g"]
Probe[184936]	R["R_DESAT18_9"]	R["R_DESAT18_8"]	R["R_DESAT18_10"]	R["R_DESAT24_1"]	R["R_DESAT18_6"]	R["R_DESAT18_7"]
Probe[101598]	R["R_P4507B11r"]	R["R_P4507B12r"]
Probe[171548]	R["R_S6T12g"]	R["R_S6T7g"]	R["R_S6T17g"]	R["R_S6T11g"]	R["R_S6T14g"]	R["R_S6T1g"]	R["R_S6T2g"]	R["R_S6T10g"]	R["R_S6T13g"]	R["R_S6T5g"]	R["R_S6T9g"]	R["R_S6T6g"]	R["R_S6T8g"]	R["R_S6T16g"]	R["R_S6T4g"]
Probe[130606]	R["R_GRTT"]	R["R_FRTT"]	R["R_DMATT"]
Probe[163980]	R["R_CPCTDTX"]	R["R_CHLPCTD"]
Probe[131471]	R["R_S6T20g"]	R["R_S6T18g"]	R["R_S6T3g"]	R["R_S6T21g"]	R["R_S6T24g"]	R["R_S6T19g"]	R["R_S6T15g"]
Probe[100964]	R["R_Htm"]
Probe[129045]	R["R_ACGPID"]
Probe[220606]	R["R_BMTer_L"]	R["R_H3MTer_L"]	R["R_H3MTer_U"]	R["R_BMTer_U"]
Probe[107266]	R["R_PGPPT"]
Probe[163733]	R["R_HCO3_NAt"]
Probe[185077]	R["R_NAHCO3_HCLt"]
Probe[144696]	R["R_GAL3ST12"]	R["R_GAL3ST11"]
Probe[212543]	R["R_SERPT"]
Probe[125268]	R["R_PGESr"]
Probe[109757]	R["R_ATPasel"]
Probe[182200]	R["R_ATPS4m"]
Probe[133565]	R["R_G6PDH2rer"]	R["R_PGLer"]	R["R_G6PDH1er"]	R["R_G6PDH1rer"]
Probe[226738]	R["R_NDP7g"]
Probe[178121]	R["R_GUAD"]
Probe[104767]	R["R_PIPLC"]	R["R_PI4PLC"]	R["R_PI45PLC"]
Probe[113510]	R["R_S2T4g"]
Probe[115438]	R["R_PLYSPSer"]
Probe[104254]	R["R_PSSA1_hs"]
Probe[129980]	R["R_PMI12346PHn"]	R["R_PMI1346PH"]	R["R_PMI1346PHn"]	R["R_PMI12346PH"]
Probe[109390]	R["R_LYSMTF3n"]	R["R_LYSMTF2n"]	R["R_LYSMTF1n"]
Probe[166695]	R["R_XYLK"]
Probe[113797]	R["R_GF6PTA"]
Probe[147061]	R["R_S3T3g"]	R["R_S3T2g"]	R["R_S3T1g"]
Entrez[9952]	R["R_S3T3g"]
Probe[147102]	R["R_S3T3g"]
Entrez[9954]	R["R_S3T3g"]
Probe[122418]	R["R_S3T3g"]
Probe[204650]	R["R_S3T2g"]
Probe[154628]	R["R_S3T1g"]
Probe[180213]	R["R_ASCBt4"]
Probe[112778]	R["R_ASCBt4"]
Probe[103870]	R["R_KCC2t"]	R["R_KCCt"]
Probe[140076]	R["R_PTE2x"]
Probe[145275]	R["R_G6PDA"]
Probe[213172]	R["R_UAG2EMAi"]	R["R_AMANK"]
Probe[200435]	R["R_M4BTAer"]	R["R_M4ATAer"]	R["R_H8TAer"]	R["R_H7_APOS_TAer"]
Probe[159775]	R["R_PIt7ir"]
Probe[197753]	R["R_CGMPt"]	R["R_CAMPt"]
Probe[126930]	R["R_CERT1rt"]	R["R_CERT2gt"]	R["R_CERT1gt"]	R["R_CERT2rt"]
Probe[161674]	R["R_S2T1g"]	R["R_S2T3g"]	R["R_S2T2g"]
Probe[216725]	R["R_SACCD3m"]	R["R_SACCD4m"]
Probe[133013]	R["R_S6T12g"]	R["R_S6T7g"]	R["R_S6T17g"]	R["R_S6T11g"]	R["R_S6T14g"]	R["R_S6T1g"]	R["R_S6T2g"]	R["R_S6T10g"]	R["R_S6T13g"]	R["R_S6T5g"]	R["R_S6T9g"]	R["R_S6T6g"]	R["R_S6T8g"]	R["R_S6T16g"]	R["R_S6T4g"]
Probe[121335]	R["R_ASPGLUm"]	R["R_3SALAASPm"]	R["R_GLUt2m"]
Probe[159381]	R["R_ORNt3m"]	R["R_CITRtm"]	R["R_LYStm"]	R["R_ARGtm"]	R["R_ORNt4m"]
Probe[145581]	R["R_DOLPMT1_Uer"]	R["R_DOLPMT1_Ler"]
Probe[118127]	R["R_NDPK1"]	R["R_NDPK5"]	R["R_NDPK6"]	R["R_NDPK7"]	R["R_NDPK9"]	R["R_NDPK4"]	R["R_NDPK8"]	R["R_NDPK10"]	R["R_NDPK3"]	R["R_NDPK2"]
Probe[200644]	R["R_COQ7m"]
Probe[174035]	R["R_PIt7ir"]
Probe[194314]	R["R_PROSTGE1t3"]	R["R_CGMPt"]	R["R_PROSTGE2t3"]	R["R_ESTRADIOLGLCt2"]	R["R_CAMPt"]
Probe[147079]	R["R_ATPasel"]
Probe[166957]	R["R_B3GALT5g"]
Probe[170235]	R["R_PPDOy"]	R["R_ALCD2yf"]	R["R_LALDO2"]	R["R_ARABR"]	R["R_GALOR"]	R["R_ALR3"]	R["R_ALR2"]	R["R_SBTR"]
Probe[128231]	R["R_B3GNT33g"]	R["R_B3GNT313g"]	R["R_B3GNT38g"]	R["R_AG13T15g"]	R["R_AG13T1g"]	R["R_B3GNT315g"]	R["R_B3GNT34g"]	R["R_AG13T17g"]	R["R_AG13T7g"]	R["R_AG13T2g"]	R["R_AG13T6g"]	R["R_B3GNT35g"]	R["R_AG13T4g"]	R["R_B3GNT311g"]	R["R_AG13T18g"]	R["R_B3GNT312g"]	R["R_AG13T3g"]	R["R_B3GNT32g"]	R["R_B3GNT39g"]	R["R_B3GNT310g"]	R["R_AG13T11g"]	R["R_AG13T9g"]	R["R_AG13T12g"]	R["R_AG13T16g"]	R["R_AG13T5g"]	R["R_AG13T10g"]	R["R_B3GNT37g"]	R["R_AG13T13g"]	R["R_B3GNT31g"]	R["R_AG13T14g"]	R["R_AG13T8g"]	R["R_B3GNT36g"]	R["R_B3GNT314g"]
Probe[204643]	R["R_BPNT"]	R["R_BPNT2"]
Probe[174555]	R["R_CEPTC"]	R["R_CEPTE"]
Probe[138686]	R["R_PSFLIPm"]	R["R_PEFLIP"]	R["R_PSFLIP"]	R["R_PEFLIPm"]
Probe[104157]	R["R_PETOHMm_hs"]	R["R_PETOHMr_hs"]
Probe[123559]	R["R_ST3GAL61g"]	R["R_ST3GAL62g"]
Probe[193431]	R["R_CDIPTr"]
Probe[163416]	R["R_ATPS4m"]
Probe[211502]	R["R_AGPAT1"]
Probe[182241]	R["R_AGPAT1"]
Probe[108412]	R["R_SERPT"]
Probe[158453]	R["R_CMPACNAtg"]
Probe[119822]	R["R_THMt3"]
Probe[166727]	R["R_PIt7"]
Probe[136294]	R["R_TRDRm"]
Probe[157404]	R["R_FTHFCL"]
Probe[139431]	R["R_GCHOLAt"]	R["R_TRIODTHYt"]	R["R_BILGLCURt"]	R["R_LEUKTRC4t"]	R["R_ESTRADIOLGLCt"]	R["R_ESTRONESt"]	R["R_BILDGLCURt"]	R["R_CHOLATEt"]	R["R_TCHOLAt"]	R["R_BILIRUBt2"]	R["R_THYOXt"]	R["R_DHEASt"]
Probe[181263]	R["R_AIRCr"]	R["R_PRASCS"]
Probe[192813]	R["R_ST6GALNAC21"]	R["R_ST6GALNAC26"]	R["R_ST6GALNAC25"]	R["R_ST6GALNAC22"]	R["R_ST6GALNAC23"]	R["R_ST6GALNAC27"]	R["R_ST6GALNAC24"]	R["R_ST6GALNAC28"]
Probe[178007]	R["R_ATPS4m"]
Probe[170102]	R["R_PMEVKx"]
Probe[200569]	R["R_B3GNT12g"]	R["R_AG13T15g"]	R["R_AG13T1g"]	R["R_B3GNT11g"]	R["R_AG13T17g"]	R["R_AG13T7g"]	R["R_AG13T2g"]	R["R_AG13T6g"]	R["R_AG13T4g"]	R["R_AG13T18g"]	R["R_AG13T3g"]	R["R_AG13T11g"]	R["R_AG13T9g"]	R["R_AG13T12g"]	R["R_AG13T16g"]	R["R_AG13T5g"]	R["R_AG13T10g"]	R["R_AG13T13g"]	R["R_AG13T14g"]	R["R_AG13T8g"]
Probe[199633]	R["R_EBP1r"]	R["R_EBP2r"]
Probe[171827]	R["R_FUT911g"]	R["R_FUT99g"]	R["R_FUT96g"]	R["R_FUT94g"]	R["R_FUT98g"]	R["R_FUT92g"]	R["R_FUT97g"]	R["R_FUT95g"]	R["R_FUT91g"]	R["R_FUT93g"]	R["R_FUT910g"]
Probe[187225]	R["R_KCC2t"]	R["R_KCCt"]
Probe[189561]	R["R_AHC"]	R["R_SEAHCYSHYD"]
Probe[195867]	R["R_PIt7ir"]
Probe[197221]	R["R_MTHFDm"]	R["R_MTHFCm"]	R["R_MTHFD2m"]
Probe[211558]	R["R_FTHFDH"]	R["R_FDH"]
Probe[164935]	R["R_GluForTx"]	R["R_FTCD"]
Probe[132528]	R["R_PDE4"]	R["R_PDE1g"]	R["R_PDE4g"]	R["R_PDE1"]
Probe[185195]	R["R_P45046A1r"]
Probe[220644]	R["R_OXAHCOtex"]	R["R_SO4HCOtex"]
Probe[179273]	R["R_PI45P3K"]	R["R_PIK3"]	R["R_PI5P3K"]	R["R_PI4P3K"]
Probe[118912]	R["R_ME2m"]
Probe[231699]	R["R_MM7Cag"]	R["R_MM6B1ag"]	R["R_MM6B2g"]	R["R_MM6B1bg"]	R["R_MM5ag"]	R["R_MM8Ag"]	R["R_MM7B1g"]	R["R_MM8Cg"]	R["R_MM7Cbg"]	R["R_MM5bg"]	R["R_MM7B2g"]	R["R_MM5cg"]	R["R_MM6bg"]
Probe[146234]	R["R_LYSMTF3n"]	R["R_LYSMTF2n"]	R["R_LYSMTF1n"]
Probe[179054]	R["R_GTHPm"]
Probe[132214]	R["R_CHSTEROLt1"]
Probe[177196]	R["R_PTE4x"]	R["R_PTE2x"]	R["R_PTE5x"]	R["R_PTE3x"]
Probe[103423]	R["R_CYOR_DASH_u10m"]
Probe[186114]	R["R_ASNtN1"]	R["R_ALAtN1"]	R["R_GLNtN1"]	R["R_HIStN1"]
Probe[204366]	R["R_SERHL"]	R["R_THRD_L"]
Probe[197578]	R["R_FATP8t"]	R["R_FATP9t"]	R["R_FATP6t"]	R["R_FATP5t"]	R["R_FATP7t"]	R["R_FATP4t"]
Probe[155303]	R["R_FATP1t"]
Probe[158887]	R["R_FATP1t"]
Probe[190304]	R["R_VLCSr"]	R["R_FACOAL191"]	R["R_FATP8t"]	R["R_FATP9t"]	R["R_FATP6t"]	R["R_FACOAL206"]	R["R_VLCS2p"]	R["R_VLCS2r"]	R["R_FATP7t"]	R["R_VLCSp"]
Probe[202618]	R["R_AG13T15g"]	R["R_AG13T1g"]	R["R_AG13T17g"]	R["R_AG13T7g"]	R["R_AG13T2g"]	R["R_AG13T6g"]	R["R_AG13T4g"]	R["R_AG13T18g"]	R["R_AG13T3g"]	R["R_AG13T11g"]	R["R_AG13T9g"]	R["R_AG13T12g"]	R["R_AG13T16g"]	R["R_AG13T5g"]	R["R_AG13T10g"]	R["R_AG13T13g"]	R["R_AG13T14g"]	R["R_AG13T8g"]
Probe[173899]	R["R_UDPGLCtg"]	R["R_UGLCNACtg"]
Probe[131125]	R["R_HIBDm"]
Probe[148325]	R["R_AMY1e"]	R["R_CYSTSERex"]	R["R_AMY2e"]
Probe[178334]	R["R_ADPMAN"]	R["R_ADPGLC"]	R["R_ADPRDP"]
Probe[119058]	R["R_TREHe"]
Probe[189121]	R["R_GLCt1r"]
Probe[138065]	R["R_SRTNMTX"]
Probe[225420]	R["R_ALAR"]
Probe[168099]	R["R_GALNTg"]
Probe[102286]	R["R_GALNTg"]
Probe[158702]	R["R_H2CO3Dm"]
Probe[212202]	R["R_MM8Ber"]	R["R_MAN1_6B1er"]	R["R_MAN1_7Ber"]
Probe[121764]	R["R_CYSt4"]	R["R_THRt4"]	R["R_GLNt4"]	R["R_ALAt4"]	R["R_SERt4"]	R["R_GLYt4"]	R["R_HISt4"]	R["R_TRPt4"]	R["R_PHEt4"]	R["R_ASNt4"]	R["R_METt4"]	R["R_ARGt4"]	R["R_LEUt4"]	R["R_TYRt4"]	R["R_ILEt4"]	R["R_LYSt4"]	R["R_VALt4"]
Probe[186405]	R["R_M13N4Tg"]
Probe[165754]	R["R_LNS14DM"]	R["R_P4504F81r"]
Probe[182225]	R["R_GALTg"]
Probe[134095]	R["R_ESTRONESt"]	R["R_DHEASt"]
Probe[197299]	R["R_M13N4Tg"]
Probe[148770]	R["R_LPS3"]
Entrez[22305]	R["R_FACOAL204i"]	R["R_FACOAL150"]	R["R_FACOAL170"]	R["R_FACOAL160i"]	R["R_FACOAL180i"]
Probe[130369]	R["R_GALNACT4g"]	R["R_GLCAT2g"]	R["R_GLCAT5g"]	R["R_GALNACT5g"]	R["R_GLCAT3g"]	R["R_GALNACT3g"]	R["R_GALNACT2g"]	R["R_GLCAT4g"]
Probe[203828]	R["R_SELNPS"]
Probe[219955]	R["R_SELNPS"]
Probe[127035]	R["R_RPI"]
Probe[124033]	R["R_NTD10"]	R["R_NTD9"]	R["R_NTD8"]	R["R_NT5C"]	R["R_NTD7"]	R["R_NTD11"]	R["R_NTD6"]
Probe[167225]	R["R_PIPLC"]	R["R_PI4PLC"]	R["R_PI45PLC"]
Probe[166432]	R["R_NNATr"]	R["R_NMNATr"]
Probe[135060]	R["R_UGALNACter"]	R["R_UDPGLCAter"]
Probe[197584]	R["R_PIPLC"]	R["R_PI45PLCn"]	R["R_PI4PLC"]	R["R_PI45PLC"]	R["R_PIPLCn"]	R["R_PI4PLCn"]
Probe[200469]	R["R_Kt3g"]	R["R_NAt3_1g"]
Probe[156100]	R["R_SEAHCYSHYD"]
Probe[182902]	R["R_PI34P5K"]	R["R_PI3P5K"]	R["R_PI4P5K"]	R["R_PIK5"]	R["R_PI3P4K"]
Probe[127385]	R["R_MCDm"]	R["R_MMCD"]	R["R_MMCDp"]	R["R_MCDp"]	R["R_MMCDm"]	R["R_MCD"]
Probe[182141]	R["R_CYSGLYex"]
Probe[132291]	R["R_NaKt"]
Probe[107674]	R["R_UDPGLCtg"]
Probe[116735]	R["R_ALASm"]	R["R_GLYATm"]
Probe[161752]	R["R_NNDPR"]
Probe[183038]	R["R_PLYSPSer"]
Probe[122823]	R["R_TDPGDH"]
Probe[196924]	R["R_3HAO"]
Probe[104189]	R["R_THD1m"]
Probe[145146]	R["R_PI45P3K"]	R["R_PIK3"]	R["R_PI5P3K"]	R["R_PI4P3K"]
Probe[180761]	R["R_L_DASH_LACt2r"]	R["R_D_DASH_LACt2"]
Probe[114843]	R["R_ATPasel"]
Probe[188607]	R["R_H7_APOS_ETer"]	R["R_H2ETer"]	R["R_H6_APOS_ETer"]	R["R_H3ETer"]	R["R_H4ETer"]
Probe[101487]	R["R_S6T12g"]	R["R_S6T7g"]	R["R_S6T17g"]	R["R_S6T11g"]	R["R_S6T14g"]	R["R_S6T1g"]	R["R_S6T2g"]	R["R_S6T10g"]	R["R_S6T13g"]	R["R_S6T5g"]	R["R_S6T9g"]	R["R_S6T6g"]	R["R_S6T8g"]	R["R_S6T16g"]	R["R_S6T4g"]
Probe[192337]	R["R_AMACR2r"]	R["R_AMACRr"]	R["R_AMACR2p"]	R["R_AMACRp"]
Probe[212885]	R["R_H2CO3D"]
Probe[209308]	R["R_CYSTGLUex"]
Probe[191410]	R["R_BHMT"]
Probe[171568]	R["R_PSDm_hs"]
Probe[171575]	R["R_NCKt"]	R["R_NCNt"]
Probe[175900]	R["R_PGL"]
Probe[163732]	R["R_MTHFDm"]	R["R_MTHFCm"]	R["R_FTHFLm"]
Probe[163287]	R["R_DOPABMO"]
Probe[122660]	R["R_GLCAE2g"]
Probe[102255]	R["R_HPCLx"]
Probe[210225]	R["R_PGCD"]
Probe[172029]	R["R_GLCATg"]
Entrez[26237]	R["R_ENO"]
Probe[171807]	R["R_SO4t4_2"]
Probe[181098]	R["R_3HPCOAHYD"]
Probe[139522]	R["R_PLA2_2e"]
Probe[171943]	R["R_ADK1"]	R["R_CYTK4"]	R["R_ADK3"]	R["R_ADKd"]	R["R_CYTK3"]
Probe[142557]	R["R_GALNTg"]
Probe[203360]	R["R_GBGT1"]
Probe[139973]	R["R_GAPD"]
Probe[173863]	R["R_GLCURtly"]	R["R_ACNAMlt"]	R["R_IDOURtly"]
Probe[101083]	R["R_OPAHir"]
Probe[113657]	R["R_TMDPK"]
Probe[198709]	R["R_ACOAD9m"]	R["R_PPCOAOm"]	R["R_ACOAD1fm"]
Probe[151855]	R["R_PPAm"]
Probe[124600]	R["R_GLCATg"]
Probe[100641]	R["R_CYOR_DASH_u10m"]
Probe[102878]	R["R_PDE1"]
Probe[196674]	R["R_MI1345PP"]	R["R_MI145PP"]	R["R_PI345P5P"]
Probe[156604]	R["R_CHTNASE"]	R["R_CHTNASEe"]
Probe[136224]	R["R_GLUNm"]
Probe[123375]	R["R_GNMT"]
Probe[163964]	R["R_HBZOPT10m"]
Probe[214359]	R["R_PGDIr"]	R["R_PGDI"]
Probe[226896]	R["R_MCOATAm"]
Probe[209398]	R["R_METAT"]	R["R_SELMETAT"]
Probe[132844]	R["R_TRIODTHYt"]	R["R_PROSTGE2t"]	R["R_ESTRADIOLGLCt"]	R["R_ESTRONESt"]	R["R_TCHOLAt"]	R["R_THYOXt"]
Probe[194502]	R["R_PROSTGE2t"]	R["R_ESTRONESt"]
Probe[113912]	R["R_GCHOLAt"]	R["R_TRIODTHYt"]	R["R_BILGLCURt"]	R["R_LEUKTRC4t"]	R["R_ESTRADIOLGLCt"]	R["R_ESTRONESt"]	R["R_TCHOLAt"]	R["R_DHEASt"]
Probe[128021]	R["R_PLYSPSer"]
Probe[132093]	R["R_PPCOAOm"]	R["R_ACOAD1fm"]
Probe[164746]	R["R_LPASE"]
Probe[194927]	R["R_CYOR_DASH_u10m"]
Probe[129788]	R["R_UDPDOLPT_L"]	R["R_UDPDOLPT_U"]
Probe[149439]	R["R_ST8SIA52g"]	R["R_ST8SIA51g"]	R["R_ST8SIA56g"]	R["R_ST8SIA55g"]	R["R_ST8SIA54g"]	R["R_ST8SIA53g"]
Probe[203126]	R["R_P5CRx"]	R["R_P5CR"]
Probe[132521]	R["R_NDPK1"]	R["R_NDPK5"]	R["R_NDPK6"]	R["R_NDPK7"]	R["R_NDPK9"]	R["R_NDPK4"]	R["R_NDPK8"]	R["R_NDPK10"]	R["R_NDPK3"]	R["R_NDPK2"]
Probe[162807]	R["R_MAN1PT2"]
Probe[128692]	R["R_MAN1PT2"]
Probe[130634]	R["R_DOLPGT1_Ler"]	R["R_DOLPGT1_Uer"]
Probe[188418]	R["R_DMGDHm"]
Probe[151268]	R["R_PSERT"]
Probe[179555]	R["R_GLCt1r"]	R["R_FRUt1r"]	R["R_GALt1r"]
Probe[186091]	R["R_PLA2_2e"]
Probe[149755]	R["R_ST6GALNAC61"]	R["R_ST6GALNAC62"]	R["R_ST6GALNAC31"]
Probe[112185]	R["R_NTD5"]	R["R_NTD8"]	R["R_NTD3"]	R["R_NTD1"]	R["R_NTD12"]
Probe[196466]	R["R_LPS4e"]
Probe[163204]	R["R_H2O2syn"]
Probe[114014]	R["R_S4T1g"]	R["R_S4T2g"]	R["R_S4T3g"]	R["R_S4T6g"]
Probe[172322]	R["R_GALNTg"]
Probe[215308]	R["R_ATPasel"]
Probe[136063]	R["R_RDH2a"]	R["R_RDH1a"]
Probe[208695]	R["R_ADK3m"]
Probe[148029]	R["R_C4STMO2Pr"]	R["R_C3STDH1r"]	R["R_C3STDH1Pr"]	R["R_C4STMO2r"]
Probe[126148]	R["R_PDE4"]	R["R_PDE1"]
Probe[160573]	R["R_COQ6m"]
Probe[137064]	R["R_AGDC"]
Probe[216284]	R["R_DASCBR"]
Probe[150996]	R["R_NADH2_DASH_u10m"]
Probe[156421]	R["R_RDH3a"]	R["R_RDH2a"]	R["R_RDH1a"]
Probe[129085]	R["R_A4GNT2g"]	R["R_A4GNT1g"]
Probe[184507]	R["R_KYNAKGAT"]	R["R_3HKYNAKGAT"]	R["R_AATAi"]
Probe[129462]	R["R_GLXO2p"]	R["R_GLYCTO1p"]
Probe[103350]	R["R_XYLUR"]
Probe[132759]	R["R_PIPLC"]	R["R_PI4PLC"]	R["R_PI45PLC"]
Probe[180300]	R["R_PIACGT"]
Probe[106787]	R["R_NTD2"]	R["R_NTD4"]
Probe[165869]	R["R_LPCOXp"]	R["R_SARCOXp"]
Probe[184076]	R["R_GMPR"]
Probe[126662]	R["R_CORE2GTg"]
Probe[199871]	R["R_P45039A1r"]
Probe[102174]	R["R_3SALACBOXL"]	R["R_LCYSTCBOXL"]
Probe[126675]	R["R_ATPasel"]
Probe[127881]	R["R_PMI12346PHn"]	R["R_PMI1346PHn"]
Probe[109967]	R["R_MI1PS"]
Probe[201198]	R["R_HSD17B7r"]	R["R_HSD17B9r"]
Probe[224831]	R["R_SELCYSLY2"]	R["R_SELCYSLY"]
Probe[101231]	R["R_GLNS"]
Probe[144218]	R["R_M4BTAer"]	R["R_H8TAer"]	R["R_H7_APOS_TAer"]
Probe[122923]	R["R_ATPasel"]
Probe[180740]	R["R_FACOAL160i"]	R["R_FACOAL180i"]
Probe[188831]	R["R_CYTK1n"]	R["R_UMPK6n"]	R["R_UMPK6"]	R["R_CYTK13n"]	R["R_CYTK2n"]	R["R_CYTK7"]	R["R_UMPK4n"]	R["R_CYTK9"]	R["R_CYTK1"]	R["R_CYTK10"]	R["R_CYTK12n"]	R["R_CYTK11n"]	R["R_CYTK13"]	R["R_UMPK5n"]	R["R_UMPK7"]	R["R_CYTK4n"]	R["R_CYTK14n"]	R["R_CYTK5n"]	R["R_CYTK11"]	R["R_CYTK9n"]	R["R_CYTK2"]	R["R_UMPK"]	R["R_CYTK8n"]	R["R_UMPKn"]	R["R_UMPK2n"]	R["R_UMPK3n"]	R["R_CYTK7n"]	R["R_UMPK2"]	R["R_CYTK14"]	R["R_UMPK5"]	R["R_CYTK8"]	R["R_UMPK7n"]	R["R_CYTK12"]	R["R_CYTK10n"]	R["R_CYTK6n"]	R["R_CYTK3n"]	R["R_CYTK5"]	R["R_UMPK3"]	R["R_CYTK6"]	R["R_UMPK4"]
Probe[117877]	R["R_UPPN"]	R["R_BUP2"]
Probe[177201]	R["R_COQ3m"]	R["R_DHDPBMTm"]
Probe[208035]	R["R_GALNTg"]
Probe[165789]	R["R_ADPRDPm"]
Probe[125392]	R["R_PNTK"]
Probe[112721]	R["R_BCDO"]
Probe[156019]	R["R_H2O2syn"]
Probe[186960]	R["R_TRIODTHYt"]	R["R_ESTRADIOLGLCt"]	R["R_ESTRONESt"]	R["R_THYOXt"]
Probe[175604]	R["R_A4GALTc"]	R["R_A4GALTg"]
Probe[182277]	R["R_ACNAM9PL2"]	R["R_ACNAM9PL"]
Probe[134269]	R["R_DOLPMT_L"]	R["R_DOLPMT_U"]
Probe[173994]	R["R_GLXO2p"]	R["R_GLYCTO1p"]
Probe[138794]	R["R_THRt4"]	R["R_GLNt4"]	R["R_ALAt4"]	R["R_SERt4"]	R["R_GLYt4"]	R["R_HISt4"]	R["R_PHEt4"]	R["R_ASNt4"]	R["R_METt4"]	R["R_PROt4"]
Probe[147144]	R["R_GLCAT2g"]	R["R_GLCAT5g"]	R["R_GLCAT3g"]	R["R_GLCAT4g"]
Probe[210518]	R["R_UGT1A8r"]	R["R_UGT1A9r"]	R["R_UGT1A4r"]	R["R_UGT1A3r"]
Probe[180686]	R["R_HMGLm"]
Probe[204307]	R["R_UGT1A8r"]	R["R_UGT1A2r"]	R["R_UGT1A4r"]	R["R_UGT1A7r"]	R["R_UGT1A1r"]	R["R_UGT1A3r"]	R["R_UGT1A5r2"]	R["R_UGT1A5r"]	R["R_UGT1A6r"]
Probe[192867]	R["R_UGT1A8r"]	R["R_UGT1A2r"]	R["R_UGT1A4r"]	R["R_UGT1A7r"]	R["R_UGT1A1r"]	R["R_UGT1A10r"]	R["R_UGT1A3r"]	R["R_UGT1A5r2"]	R["R_UGT1A5r"]	R["R_UGT1A6r"]
Probe[169068]	R["R_CLS_hs"]
Probe[119026]	R["R_CSNAT2x"]
Probe[213342]	R["R_CHTNASE"]
Probe[177616]	R["R_M4BET2er"]	R["R_H6_APOS_ET2er"]	R["R_H7ET2er"]
Probe[124740]	R["R_GPIMTer_L"]	R["R_GPIMTer_U"]
Probe[146066]	R["R_RNMK"]
Probe[217080]	R["R_GLNt4"]	R["R_ALAt4"]	R["R_SERt4"]	R["R_GLYt4"]	R["R_ARGtiDF"]	R["R_PHEt4"]	R["R_ASNt4"]	R["R_LEUt4"]	R["R_PROt4"]	R["R_LYStiDF"]	R["R_HIStiDF"]
Probe[194980]	R["R_PDX5PO"]	R["R_PYAM5POr"]
Probe[121327]	R["R_NADS2"]
Probe[129739]	R["R_TMLYSOX"]
Probe[145499]	R["R_ETHAK"]
Probe[102344]	R["R_PNTK"]
Probe[186418]	R["R_3HBCDm"]
Probe[171625]	R["R_PMANM"]	R["R_PGMT"]
Probe[194600]	R["R_MCLOR"]	R["R_LDH_L"]	R["R_GLXO1"]	R["R_2HBO"]
Probe[196884]	R["R_FA180ACPH"]	R["R_FA161ACPH"]	R["R_FA141ACPH"]	R["R_FA140ACPH"]	R["R_FA120ACPH"]	R["R_FA160ACPH"]	R["R_FA182ACPH"]	R["R_FA181ACPH"]
Probe[193284]	R["R_RBFK"]
Probe[225769]	R["R_THYMDtl"]	R["R_ADEtl"]	R["R_Uritl"]	R["R_HXANtl"]	R["R_CYTDtl"]	R["R_ADNtl"]	R["R_INStl"]	R["R_GSNtl"]
Probe[114458]	R["R_AGPAT1"]
Probe[207403]	R["R_GDPFUCtg"]
Probe[139521]	R["R_CHOLD2m"]
Probe[198143]	R["R_PNTEH"]
Probe[140087]	R["R_PIK4"]	R["R_PI5P4K"]	R["R_PI3P4K"]
Probe[110411]	R["R_GALNACT4g"]	R["R_GALNACT5g"]	R["R_GALNACT3g"]	R["R_GALNACT2g"]	R["R_GALNACT1g"]
Probe[196469]	R["R_ETHAK"]
Probe[213590]	R["R_S4T1g"]	R["R_S4T2g"]	R["R_S4T3g"]	R["R_S4T6g"]
Probe[178297]	R["R_SMPD3l"]	R["R_SMPD3g"]
Probe[202037]	R["R_GALNTg"]
Probe[179056]	R["R_ACGAMK"]	R["R_AMANK"]
Probe[167768]	R["R_INOSTO"]
Probe[184729]	R["R_H5MTer_U"]	R["R_H2MTer_L"]	R["R_H2MTer_U"]	R["R_H5MTer_L"]
Probe[101140]	R["R_GALNACT4g"]	R["R_GALNACT5g"]	R["R_GALNACT3g"]	R["R_GALNACT2g"]	R["R_GALNACT1g"]
Probe[174706]	R["R_NS26T2g"]	R["R_NS26Tg"]
Probe[103440]	R["R_ADNCYC"]
Probe[194409]	R["R_ACCOAL"]	R["R_ACS2"]	R["R_ACS"]
Probe[117960]	R["R_CMPSASn"]	R["R_CMPSAS"]
Probe[174805]	R["R_NADH2_DASH_u10m"]
Probe[183245]	R["R_BDMT_L"]	R["R_BDMT_U"]
Probe[113558]	R["R_ALADGLYexR"]	R["R_ALAGLYexR"]	R["R_CYSGLUexR"]	R["R_THRGLYexR"]	R["R_SERGLYexR"]	R["R_SERDGLYexR"]	R["R_SERDGLNexR"]	R["R_CYSGLYexR"]	R["R_SERGLNexR"]	R["R_ALAGLNexR"]	R["R_THRGLNexR"]	R["R_ALADGLNexR"]
Probe[216992]	R["R_CTPS2"]
Probe[140786]	R["R_S6T20g"]	R["R_S6T22g"]	R["R_S6T21g"]	R["R_S6T24g"]	R["R_S6T23g"]	R["R_S6T19g"]
Probe[205540]	R["R_GLCt1r"]
Probe[165779]	R["R_MI1345PP"]	R["R_MI145PP"]	R["R_PI45P5P"]	R["R_PI345P5P"]
Probe[186303]	R["R_SPHK21c"]	R["R_SLCBK1"]
Probe[215961]	R["R_AGPAT1"]
Probe[228459]	R["R_AGPAT1"]
Probe[112049]	R["R_N3Tg"]
Probe[189588]	R["R_MCCCrm"]
Probe[183300]	R["R_NTD2m"]	R["R_NTD1m"]	R["R_NTD5m"]
Probe[201693]	R["R_CEPTC"]
Probe[208839]	R["R_PDXPP"]	R["R_HYPOE"]	R["R_PYDXPP"]
Probe[203530]	R["R_GLUVESSEC"]
Probe[180947]	R["R_GLUVESSEC"]
Probe[136440]	R["R_NH4t3r"]
Probe[211828]	R["R_MM7Cag"]	R["R_MM6B1ag"]	R["R_MM6ag"]	R["R_MM6B2g"]	R["R_MM6B1bg"]	R["R_MM5ag"]	R["R_MM8Ag"]	R["R_MM7B1g"]	R["R_MM7Ag"]	R["R_MM8Cg"]	R["R_MM7Cbg"]	R["R_MM5bg"]	R["R_MM7B2g"]	R["R_MM5cg"]	R["R_MM6bg"]
Probe[137374]	R["R_DOLDPP_Uer"]	R["R_DOLDPP_Ler"]
Probe[137191]	R["R_PSFLIPm"]	R["R_PCFLOPm"]	R["R_PEFLIP"]	R["R_PSFLIP"]	R["R_PEFLIPm"]
Probe[140803]	R["R_NAHCO3_HCLt"]
Probe[122357]	R["R_DCYTDn"]	R["R_CYTDn"]	R["R_CYTD"]	R["R_DCYTD"]
Probe[183742]	R["R_NCKt"]
Probe[119246]	R["R_KCCt"]
Probe[186921]	R["R_RDH3a"]	R["R_RDH2a"]	R["R_RDH1a"]
Probe[145487]	R["R_GPAMm_hs"]	R["R_GPAM_hs"]
Probe[159644]	R["R_BDG2HCGHD"]
Probe[201058]	R["R_CBPPer"]	R["R_PPAer"]	R["R_G6PPer"]
Probe[224753]	R["R_2HCO3_NAt"]	R["R_3HCO3_NAt"]
Probe[123933]	R["R_LYSMTF3n"]	R["R_LYSMTF2n"]	R["R_LYSMTF1n"]
Probe[179076]	R["R_PRO1x"]	R["R_PROD2"]
Probe[119090]	R["R_DNDPt35m"]	R["R_DNDPt61m"]	R["R_DNDPt37m"]	R["R_DNDPt18m"]	R["R_DNDPt21m"]	R["R_DNDPt31m"]	R["R_DNDPt40m"]	R["R_DNDPt8m"]	R["R_DNDPt33m"]	R["R_DNDPt42m"]	R["R_DNDPt29m"]	R["R_DNDPt17m"]	R["R_DNDPt27m"]	R["R_DNDPt46m"]	R["R_DNDPt52m"]	R["R_DNDPt57m"]	R["R_DNDPt56m"]	R["R_DNDPt41m"]	R["R_DNDPt50m"]	R["R_DNDPt14m"]	R["R_DNDPt47m"]	R["R_DNDPt53m"]	R["R_DNDPt4m"]	R["R_DNDPt60m"]	R["R_DNDPt12m"]	R["R_DNDPt2m"]	R["R_DNDPt6m"]	R["R_DNDPt10m"]	R["R_DNDPt15m"]	R["R_DNDPt13m"]	R["R_DNDPt44m"]	R["R_DNDPt9m"]	R["R_DNDPt28m"]	R["R_DNDPt45m"]	R["R_DNDPt58m"]	R["R_DNDPt62m"]	R["R_DNDPt36m"]	R["R_DNDPt23m"]	R["R_DNDPt26m"]	R["R_DNDPt48m"]	R["R_DNDPt43m"]	R["R_DNDPt63m"]	R["R_DNDPt7m"]	R["R_DNDPt32m"]	R["R_DNDPt20m"]	R["R_DNDPt38m"]	R["R_DNDPt30m"]	R["R_DNDPt25m"]	R["R_DNDPt55m"]	R["R_DNDPt49m"]	R["R_DNDPt11m"]	R["R_DNDPt34m"]	R["R_DNDPt16m"]	R["R_DNDPt51m"]	R["R_DNDPt19m"]	R["R_DNDPt54m"]	R["R_DNDPt59m"]	R["R_DNDPt24m"]	R["R_DNDPt22m"]	R["R_DNDPt1m"]	R["R_DNDPt5m"]	R["R_DNDPt3m"]	R["R_DNDPt39m"]
Probe[114837]	R["R_CHOLt4"]
Probe[113959]	R["R_PPCDC"]
Probe[114355]	R["R_PLYSPSer"]
Probe[214318]	R["R_GALNTg"]
Probe[179599]	R["R_OCOAT1m"]
Probe[168643]	R["R_THMDt5"]	R["R_INSt5"]	R["R_CYTDt4"]	R["R_ADNt5"]	R["R_URIt5"]	R["R_GSNt5"]	R["R_CYTDt5"]	R["R_URIt4"]	R["R_INSt4"]	R["R_ADNt4"]	R["R_THMDt4"]	R["R_GSNt4"]
Probe[162809]	R["R_RBK"]	R["R_DRBK"]
Probe[201478]	R["R_MCCCrm"]
Probe[145347]	R["R_XYLTer"]
Probe[162002]	R["R_XYLTer"]
Probe[154728]	R["R_GLCNACDASg"]
Probe[231449]	R["R_PLA2_2e"]
Probe[202380]	R["R_S3T3g"]
Probe[150371]	R["R_ENGASE"]	R["R_ENGASE2"]
Probe[151904]	R["R_CERK"]
Probe[102610]	R["R_NNATn"]	R["R_NMNATn"]
Probe[198332]	R["R_P4503A43r"]
Probe[210479]	R["R_ACGAM6PSi"]
Probe[179811]	R["R_SUCCt4_3"]	R["R_AKGt4_3"]
Probe[214206]	R["R_AGTim"]
Probe[139480]	R["R_AGTim"]
Probe[176352]	R["R_CLFORtex2"]	R["R_CLOHtex2"]	R["R_CLHCO3tex2"]	R["R_CLOXAtex2"]	R["R_SO4CLtex2"]	R["R_SO4OXAtex2"]
Probe[120591]	R["R_NADK"]
Probe[119523]	R["R_P5CRx"]	R["R_P5CR"]
Probe[161300]	R["R_AACOAT"]	R["R_ACS2"]	R["R_ACS"]
Probe[175728]	R["R_P4504F121r"]	R["R_P4504F123r"]	R["R_P4504F122r"]
Probe[129290]	R["R_GLCt1r"]	R["R_FRUt1r"]
Probe[135929]	R["R_DOLPGT2_Uer"]	R["R_DOLPGT2_Ler"]
Probe[112798]	R["R_DOLPMT3_Uer"]	R["R_DOLPMT3_Ler"]
Probe[109609]	R["R_THMTP"]
Probe[152949]	R["R_AG13T15g"]	R["R_AG13T1g"]	R["R_AG13T17g"]	R["R_AG13T7g"]	R["R_AG13T2g"]	R["R_AG13T6g"]	R["R_AG13T4g"]	R["R_AG13T18g"]	R["R_AG13T3g"]	R["R_AG13T11g"]	R["R_AG13T9g"]	R["R_AG13T12g"]	R["R_AG13T16g"]	R["R_AG13T5g"]	R["R_AG13T10g"]	R["R_AG13T13g"]	R["R_AG13T14g"]	R["R_AG13T8g"]
Probe[171118]	R["R_GALNACT4g"]	R["R_GLCAT2g"]	R["R_GLCAT5g"]	R["R_GALNACT5g"]	R["R_GLCAT3g"]	R["R_GALNACT3g"]	R["R_GALNACT2g"]	R["R_GLCAT4g"]
Probe[195860]	R["R_GALNTg"]
Probe[140341]	R["R_PNTK"]
Probe[227306]	R["R_GALNTg"]
Probe[177717]	R["R_PPNCL3"]
Probe[226476]	R["R_LYSMTF3n"]	R["R_LYSMTF2n"]	R["R_LYSMTF1n"]
Probe[140988]	R["R_GLUt2m"]
Probe[196901]	R["R_LYSMTF3n"]	R["R_LYSMTF2n"]	R["R_LYSMTF1n"]
Probe[216030]	R["R_AGMTm"]
Probe[194196]	R["R_PI4P5K"]
Probe[204591]	R["R_THRS"]
Probe[116192]	R["R_FE3R2e"]
Probe[210561]	R["R_PNTK"]	R["R_PNTKm"]
Probe[228710]	R["R_GPIDAer"]	R["R_GPIDA2er"]
Entrez[80068]	R["R_MTHFC"]	R["R_MTHFD2"]
Probe[180515]	R["R_PGESr"]
Probe[106202]	R["R_UDPGLDCg"]
Probe[195464]	R["R_ASNNm"]
Probe[152134]	R["R_TREH"]
Probe[208476]	R["R_MOGAT"]
Probe[106473]	R["R_HEX4"]	R["R_HEX1"]	R["R_HEX7"]	R["R_HEX10"]
Probe[174022]	R["R_H8MTer_U"]	R["R_H6MTer_U"]	R["R_H7MTer_L"]	R["R_H7MTer_U"]	R["R_H8MTer_L"]	R["R_H6MTer_L"]
Probe[170838]	R["R_HSD3B7"]	R["R_HSD3B7P"]
Probe[125971]	R["R_MI145PK"]
Probe[118224]	R["R_FMNAT"]
Probe[153821]	R["R_PTPAT"]	R["R_DPCOAK"]
Probe[156607]	R["R_THMt3"]	R["R_BTNt4i"]
Probe[212629]	R["R_PPCOAOm"]	R["R_ACOAD1fm"]
Probe[211839]	R["R_LYSMTF3n"]	R["R_LYSMTF2n"]	R["R_LYSMTF1n"]
Probe[150919]	R["R_GLCt1r"]	R["R_GALt1r"]
Probe[213016]	R["R_PSSA2_hs"]
Probe[170987]	R["R_SBPP3er"]	R["R_SBPP1er"]
Probe[127830]	R["R_THRt4"]	R["R_GLNt4"]	R["R_ALAt4"]	R["R_SERt4"]	R["R_GLYt4"]	R["R_PHEt4"]	R["R_ASNt4"]	R["R_METt4"]	R["R_LEUt4"]	R["R_PROt4"]
Probe[106464]	R["R_PLA2_2e"]
Probe[158397]	R["R_ST6GALNAC31"]
Probe[209013]	R["R_CYTDK1"]	R["R_URIK1"]
Probe[171995]	R["R_HCO3_CLt"]
Probe[129587]	R["R_GLUt2m"]
Probe[128580]	R["R_LYSMTF3n"]	R["R_LYSMTF2n"]	R["R_LYSMTF1n"]
Probe[111860]	R["R_ORNt3m"]	R["R_CITRtm"]	R["R_LYStm"]	R["R_ARGtm"]	R["R_ORNt4m"]
Probe[129778]	R["R_B3GNT51g"]
Probe[132621]	R["R_TKT2"]	R["R_TKT1"]
Probe[110512]	R["R_PPCOAOm"]	R["R_ACOAD1fm"]
Probe[126845]	R["R_GLYOX"]
Probe[195764]	R["R_LYSMTF3n"]	R["R_LYSMTF2n"]	R["R_LYSMTF1n"]
Probe[227249]	R["R_ACCOALm"]	R["R_ACSm"]
Probe[131004]	R["R_DGAT"]
Probe[112763]	R["R_Kt3g"]	R["R_NAt3_1g"]
Probe[207809]	R["R_MMEm"]
Probe[164277]	R["R_CYOOm3"]
Probe[135750]	R["R_ALATA_L"]
Probe[136229]	R["R_H4ET3er"]	R["R_M4CET3er"]	R["R_H6ET3er"]
Probe[193551]	R["R_NBAHH_ir"]
Probe[108501]	R["R_PIPLC"]	R["R_PI4PLC"]	R["R_PI45PLC"]
Probe[155194]	R["R_ORNtiDF"]	R["R_HOMt4"]	R["R_ALAt4"]	R["R_ARGtiDF"]	R["R_PHEt4"]	R["R_LEUt4"]	R["R_LYStiDF"]
Probe[127521]	R["R_UDPGLCtg"]	R["R_UDPXYLtg"]
Probe[206647]	R["R_DOLPGT3_Uer"]	R["R_DOLPGT3_Ler"]
Probe[207854]	R["R_G13MT_L"]	R["R_G13MT_U"]
Probe[209669]	R["R_PIPLC"]	R["R_PI4PLC"]	R["R_PI45PLC"]
Probe[125878]	R["R_2AMADPTm"]	R["R_2OXOADPTm"]
Probe[168908]	R["R_S6T25g"]
Probe[138294]	R["R_ATPasel"]
Probe[187369]	R["R_PLYSPSer"]
Probe[149986]	R["R_UAGDP"]
Probe[121216]	R["R_NACASPAH"]
Probe[152479]	R["R_IPDDIx"]
Probe[122488]	R["R_MCLOR"]	R["R_LDH_L"]	R["R_GLXO1"]	R["R_HPYRR2x"]	R["R_2HBO"]
Probe[166313]	R["R_CBPPer"]	R["R_PPAer"]	R["R_G6PPer"]
Probe[195215]	R["R_ASNtN1"]	R["R_ALAtN1"]	R["R_SERtN1"]	R["R_GLNtN1"]
Probe[220392]	R["R_AG13T15g"]	R["R_AG13T1g"]	R["R_AG13T17g"]	R["R_AG13T7g"]	R["R_AG13T2g"]	R["R_AG13T6g"]	R["R_AG13T4g"]	R["R_AG13T18g"]	R["R_AG13T3g"]	R["R_AG13T11g"]	R["R_AG13T9g"]	R["R_AG13T12g"]	R["R_AG13T16g"]	R["R_AG13T5g"]	R["R_AG13T10g"]	R["R_AG13T13g"]	R["R_AG13T14g"]	R["R_AG13T8g"]
Probe[181886]	R["R_NTD3"]	R["R_NTD7"]	R["R_NTD11"]
Probe[184681]	R["R_GPIMTer_L"]	R["R_GPIMTer_U"]
Probe[147491]	R["R_M4BTAer"]	R["R_M4ATAer"]	R["R_H8TAer"]	R["R_H7_APOS_TAer"]
Probe[120786]	R["R_PTRCAT1"]
Probe[151688]	R["R_ACYP"]
Probe[209605]	R["R_RDH3a"]	R["R_RDH2a"]	R["R_RDH1a"]
Probe[197282]	R["R_PIPLC"]	R["R_PI4PLC"]	R["R_PI45PLC"]
Probe[158666]	R["R_S4T1g"]	R["R_S4T2g"]	R["R_S4T3g"]	R["R_S4T6g"]
Probe[180285]	R["R_PHEMEt"]
Probe[133743]	R["R_ARGDCm"]
Probe[143290]	R["R_PYK"]
Probe[120851]	R["R_TRDRm"]
Probe[115186]	R["R_INSTt2r"]
Probe[117702]	R["R_GALNTg"]
Probe[123924]	R["R_CLHCOtex"]	R["R_SO4HCOtex"]
Probe[225067]	R["R_CLHCOtex"]	R["R_SO4HCOtex"]
Probe[191893]	R["R_AMETt2m"]
Probe[200626]	R["R_INSTt4_2"]
Probe[165620]	R["R_MOGAT"]
Probe[109089]	R["R_FACOAL40im"]
Probe[151462]	R["R_CLHCOtex"]	R["R_SO4HCOtex"]
Probe[168289]	R["R_TYRt"]	R["R_TRPt"]	R["R_34DHPHEt"]	R["R_PHEtec"]
Probe[141891]	R["R_GALNTg"]
Probe[104081]	R["R_PMI12346PHn"]	R["R_PMI1346PH"]	R["R_PMI1346PHn"]	R["R_PMI12346PH"]
Probe[170412]	R["R_SALMCOM"]	R["R_SALMCOM2"]
Probe[198663]	R["R_TRPHYDRO2"]
Probe[163670]	R["R_ADK1"]
Probe[177080]	R["R_ADSS"]
Probe[187193]	R["R_NCKt"]
Probe[143047]	R["R_NDP8ex"]	R["R_NDP7ex"]	R["R_NDP3ex"]	R["R_NDP10ex"]	R["R_NTP3e"]
Probe[161073]	R["R_L_DASH_LACDcm"]
Probe[161783]	R["R_ILEtec"]	R["R_VALtec"]	R["R_LEUtec"]	R["R_METtec"]	R["R_CYStec"]	R["R_PHEtec"]
Probe[157269]	R["R_GLCt4"]
Probe[143671]	R["R_CYOOm3"]
Probe[223242]	R["R_TETPENT6CPT1"]	R["R_LNELDCCPT1"]	R["R_TMNDNCCPT1"]	R["R_NRVNCCPT1"]	R["R_ADRNCPT1"]	R["R_ARACHCPT1"]	R["R_TETTET6CPT1"]	R["R_VACCCPT1"]	R["R_C226CPT1"]	R["R_EICOSTETCPT1"]	R["R_LNLNCGCPT1"]	R["R_C161CPT1"]	R["R_HEXCCPT1"]	R["R_C181CPT1"]	R["R_DLNLCGCPT1"]	R["R_LNLCCPT1"]	R["R_C180CPT1"]	R["R_C160CPT1"]	R["R_RTOTAL2CRNCPT1"]	R["R_LGNCCPT1"]	R["R_DCSPTN1CPT1"]	R["R_CLPNDCPT1"]	R["R_C204CPT1"]	R["R_TETPENT3CPT1"]	R["R_RTOTALCRNCPT1"]	R["R_PTDCACRNCPT1"]	R["R_RTOTAL3CRNCPT1"]	R["R_C161CPT12"]	R["R_STRDNCCPT1"]	R["R_TTDCPT1"]	R["R_HPDCACRNCPT1"]	R["R_ELAIDCPT1"]	R["R_LNLNCACPT1"]
Probe[122540]	R["R_NADH2_DASH_u10m"]
Probe[224965]	R["R_GALT2g"]
Probe[112257]	R["R_ATPasel"]
Probe[212944]	R["R_M4BTAer"]	R["R_M4ATAer"]	R["R_H8TAer"]	R["R_H7_APOS_TAer"]
Probe[234782]	R["R_SIAASE"]
Probe[105554]	R["R_PCLAD"]
Probe[183714]	R["R_SLDx"]	R["R_MDH"]
Probe[138374]	R["R_URCN"]
Probe[166663]	R["R_G6PDA"]
Probe[224648]	R["R_ACOAHi"]
Probe[151793]	R["R_GLCATg"]
Probe[222317]	R["R_ALCD1"]	R["R_ALCD22_D"]	R["R_ALCD21_L"]	R["R_34DHOXPEGOX"]	R["R_ALCD2if"]	R["R_ALCD22_L"]	R["R_ALCD21_D"]
Probe[201130]	R["R_AGPAT1"]
Probe[137888]	R["R_GABAVESSEC"]	R["R_GLYVESSEC"]	R["R_BALAVECSEC"]
Probe[450423]	R["R_PIt9"]
Probe[141545]	R["R_GLCt1r"]
Probe[202808]	R["R_RDH3a"]	R["R_RDH2a"]	R["R_RDH1a"]
Probe[175556]	R["R_PYNP2r"]	R["R_DURIPP"]
Probe[175805]	R["R_GLCt1r"]
Probe[150930]	R["R_GLCt1r"]	R["R_FRUt1r"]
Probe[139011]	R["R_RDH1a"]
Probe[147837]	R["R_GLCt4"]
Probe[108241]	R["R_MCLOR"]	R["R_LDH_L"]	R["R_GLXO1"]	R["R_HPYRR2x"]	R["R_2HBO"]
Probe[226692]	R["R_It"]
Probe[202832]	R["R_DAGK_hs"]
Probe[211796]	R["R_ACGSm"]
Probe[201761]	R["R_ETHP"]	R["R_CHLP"]
Probe[156822]	R["R_S4T1g"]	R["R_S4T2g"]	R["R_S4T3g"]	R["R_S4T6g"]
Probe[225982]	R["R_CBL2tm"]	R["R_CBLATm"]
Probe[107463]	R["R_CYOOm3"]
Probe[124662]	R["R_CITL"]
Probe[162674]	R["R_CORE3GTg"]
Probe[205375]	R["R_RDH3a"]	R["R_RDH2a"]	R["R_RDH1a"]
Probe[145197]	R["R_ADNCYC"]
Probe[127566]	R["R_LDH_D"]	R["R_GLXO1"]	R["R_HPYRR2x"]
Probe[187184]	R["R_FK"]
Probe[153619]	R["R_GLCt4"]	R["R_GALt4"]	R["R_FRUt4"]	R["R_MANt4"]
Probe[218739]	R["R_PI4P5K"]
Probe[196076]	R["R_PRODt2rL"]	R["R_GLYt2rL"]	R["R_PROt2r"]	R["R_PRODt2r"]	R["R_ALAt2rL"]	R["R_ALAt2r"]	R["R_PROt2rL"]	R["R_GLYt2r"]	R["R_DALAt2rL"]	R["R_ABUTt2r"]	R["R_ABUTt2rL"]	R["R_DALAt2r"]
Probe[210735]	R["R_PRPPS"]
Probe[168311]	R["R_S3T2g"]	R["R_S3T1g"]
Probe[192770]	R["R_ATPasel"]
Probe[104777]	R["R_ATPasel"]
Probe[126200]	R["R_GLUVESSEC"]
Probe[169311]	R["R_MI145P6Kn"]	R["R_MI145PKn"]	R["R_MI1346PKn"]	R["R_MI1456PKn"]	R["R_MI1345PKn"]
Probe[189728]	R["R_ST6GALNAC31"]
Probe[196933]	R["R_PIPLC"]	R["R_PI4PLC"]	R["R_PI45PLC"]
Probe[158237]	R["R_GTHPe"]
Probe[128869]	R["R_SMS"]
Probe[119245]	R["R_S6T25g"]
Probe[230023]	R["R_GPIAT"]
Probe[151669]	R["R_CITt4_4"]
Probe[168794]	R["R_SO4HCOtex"]
Entrez[284208]	R["R_AG13T15g"]	R["R_AG13T1g"]	R["R_AG13T17g"]	R["R_AG13T7g"]	R["R_AG13T2g"]	R["R_AG13T6g"]	R["R_AG13T4g"]	R["R_AG13T18g"]	R["R_AG13T3g"]	R["R_AG13T11g"]	R["R_AG13T9g"]	R["R_AG13T12g"]	R["R_AG13T16g"]	R["R_AG13T5g"]	R["R_AG13T10g"]	R["R_AG13T13g"]	R["R_AG13T14g"]	R["R_AG13T8g"]
Probe[160273]	R["R_ALCD1"]	R["R_ALCD22_D"]	R["R_ALCD21_L"]	R["R_ALCD2if"]	R["R_ALCD22_L"]	R["R_ALCD21_D"]
Entrez[285216]	R["R_MTHFC"]	R["R_MTHFD2"]
Probe[236495]	R["R_TPI"]
Entrez[286297]	R["R_FTHFL"]
Probe[223255]	R["R_GALNACT4g"]	R["R_GLCAT2g"]	R["R_GLCAT5g"]	R["R_GALNACT5g"]	R["R_GLCAT3g"]	R["R_GALNACT3g"]	R["R_GALNACT2g"]	R["R_GLCAT4g"]
Probe[140324]	R["R_CYOOm3"]
Probe[124409]	R["R_PAPStg"]
Entrez[348477]	R["R_PGK"]
Probe[175472]	R["R_NNATr"]	R["R_NMNATm"]	R["R_NNATm"]	R["R_NMNATr"]
Probe[142815]	R["R_NADH2_DASH_u10m"]
Probe[542460]	R["R_AG13T15g"]	R["R_AG13T1g"]	R["R_AG13T17g"]	R["R_AG13T7g"]	R["R_AG13T2g"]	R["R_AG13T6g"]	R["R_AG13T4g"]	R["R_AG13T18g"]	R["R_AG13T3g"]	R["R_AG13T11g"]	R["R_AG13T9g"]	R["R_AG13T12g"]	R["R_AG13T16g"]	R["R_AG13T5g"]	R["R_AG13T10g"]	R["R_AG13T13g"]	R["R_AG13T14g"]	R["R_AG13T8g"]
Probe[204986]	R["R_FATP2t"]	R["R_FATP3t"]	R["R_FATP1t"]
Probe[122466]	R["R_H2CO3D"]
Probe[108887]	R["R_LYSMTF3n"]	R["R_LYSMTF2n"]	R["R_LYSMTF1n"]
Probe[176841]	R["R_NAt3_1"]