R["R_ORNtiDF"]	0.28837999999999997
R["R_NTD3l"]	0.266
R["R_TSTSTERONESULT"]	0.25676
R["R_TETPENT6CPT1"]	0.9589400000000001
R["R_NAIt"]	0.33772
R["R_NDP8ex"]	0.50282
R["R_ENGASE"]	0.9987999999999999
R["R_STRDNCCRNt"]	0.27876
R["R_GLCNACASE1ly"]	0.9634599999999999
R["R_STS1r"]	0.59566
R["R_SADT"]	0.3618799999999999
R["R_MDHm"]	0.22278000000000003
R["R_DHCR71r"]	0.28948
R["R_FACOAL200"]	0.99992
R["R_PSDm_hs"]	0.44214000000000003
R["R_CSm"]	0.99928
R["R_FAEL183"]	0.9999800000000001
R["R_S6TASE26ly"]	0.35742
R["R_3MOX4HOXPGALDOX_LPAREN_NADP_RPAREN_"]	0.92136
R["R_DOLPMT1_Uer"]	0.9980799999999999
R["R_CHAT"]	0.49842
R["R_MALTt1r"]	0.9995
R["R_ADEt"]	0.46728000000000003
R["R_B3GALT44g"]	0.29154
R["R_EGMESTr"]	0.177
R["R_LCADim"]	1.
R["R_NDPK1"]	0.99962
R["R_SERCYSNaEx"]	0.32324
R["R_GAMYe"]	0.32882
R["R_CEPTC"]	1.
R["R_FUT911g"]	0.23041999999999999
R["R_MTHFR3"]	0.39518000000000003
R["R_GCHOLAt2"]	0.3139
R["R_TYRDOPO"]	0.20602
R["R_AMACR2r"]	0.90876
R["R_AGDC"]	0.5767
R["R_BTNt3i"]	0.34004
R["R_S6TASE12ly"]	0.35742
R["R_PCm"]	0.7125199999999999
R["R_C3STKR2r"]	0.
R["R_Kt3g"]	0.9944600000000001
R["R_S6TASE18ly"]	0.35742
R["R_G14T20g"]	1.
R["R_CYTK1n"]	1.
R["R_LCYSTAT"]	0.8030200000000001
R["R_CSNAT3x"]	0.8809799999999999
R["R_24_COMMA_25VITD3Hm"]	0.28756
R["R_CPCTDTX"]	0.31564
R["R_NACHEX12ly"]	1.
R["R_S4TASE5ly"]	0.4053999999999999
R["R_CORE2GTg"]	0.82722
R["R_ORNTArm"]	1.
R["R_HSD3A2r"]	0.
R["R_UGT1A8r"]	0.9667000000000001
R["R_THYOXt2"]	1.
R["R_THYMDt1"]	0.46728000000000003
R["R_ALADGLYexR"]	0.42522000000000004
R["R_AGTix"]	0.43287999999999993
R["R_DGAT"]	0.9914799999999999
R["R_PPAP"]	0.46701999999999994
R["R_GLACOm"]	1.
R["R_VLCSr"]	0.55542
R["R_ORPT"]	1.
R["R_GCHOLAt"]	0.44374
R["R_FPGS8m"]	0.43022
R["R_MTHFDm"]	1.
R["R_GALNACT4g"]	0.9958199999999999
R["R_MCDm"]	0.9904
R["R_FAS100COA"]	0.29176
R["R_SLDx"]	1.
R["R_STS2r"]	0.59566
R["R_PRO1x"]	0.37889999999999996
R["R_BTNDm"]	0.74036
R["R_ME2m"]	0.68572
R["R_PAFH"]	0.29142
R["R_ST6GALNAC21"]	0.25736
R["R_B3GNT33g"]	0.15564
R["R_FACOAL226"]	0.99992
R["R_FE3R2e"]	0.7407000000000001
R["R_B_MANNASEly"]	0.42966
R["R_AKR1C1"]	0.32139999999999996
R["R_ADK1"]	0.8322800000000001
R["R_ECOAH12m"]	0.99602
R["R_DMGDHm"]	0.24506
R["R_LNELDCCPT1"]	0.9589400000000001
R["R_G14T18g"]	1.
R["R_DCYTDn"]	0.36269999999999997
R["R_S2T1g"]	0.65782
R["R_ALOX52"]	0.33246000000000003
R["R_GLCAASE4ly"]	0.71092
R["R_ADRNLPVESSEC"]	0.9908999999999999
R["R_MI145P6Kn"]	0.32648
R["R_CYSt4"]	0.16408
R["R_FAOXC140"]	0.36154
R["R_XAO2x"]	0.27154
R["R_ACCOAC"]	0.21080000000000002
R["R_SAMHISTA"]	0.2657
R["R_GLYt7_LPAREN_311_RPAREN_r"]	0.26
R["R_DHPM1"]	0.9970600000000001
R["R_NTD2m"]	0.24212000000000003
R["R_PYDXDH"]	0.14878
R["R_GLCAASE6ly"]	0.71092
R["R_NTD10"]	0.1914
R["R_BACCLm"]	0.22594000000000003
R["R_DNDPt35m"]	0.35253999999999996
R["R_LIPOti"]	0.34004
R["R_P4507B11r"]	0.28057999999999994
R["R_THYPX"]	0.28884
R["R_PI3PP"]	0.46884
R["R_LPCOXp"]	0.2264
R["R_ACACT4p"]	0.37564000000000003
R["R_SARDHm"]	0.81454
R["R_FACOAL1813"]	0.99992
R["R_INSTt4"]	0.12351999999999999
R["R_DHEASULT"]	0.56208
R["R_GALASE6ly"]	0.2375
R["R_SPTix"]	0.43287999999999993
R["R_S6TASE23ly"]	0.35742
R["R_TTDCPT2"]	0.7609199999999999
R["R_THMDt5"]	0.
R["R_HMGCOARr"]	0.45754
R["R_FAOXC180"]	0.36154
R["R_PIK3er"]	0.9986200000000001
R["R_FPGS4"]	0.43022
R["R_NRPPHRVESSEC"]	0.9908999999999999
R["R_G13MT_L"]	0.99982
R["R_PMI12346PHn"]	0.89672
R["R_NTD8l"]	0.266
R["R_FAOXC2452256x"]	0.22146
R["R_CREATt4_LPAREN_2_RPAREN_r"]	0.998
R["R_CYTDn"]	0.36269999999999997
R["R_FPGS9"]	0.43022
R["R_SIAASE4ly"]	0.2375
R["R_GGH_DASH_5DHFl"]	0.5100399999999999
R["R_CSNATm"]	0.8809799999999999
R["R_ALASm"]	1.
R["R_TMABADH"]	1.
R["R_SPMS"]	0.24516
R["R_GLCt4"]	0.35084
R["R_NAt5"]	0.6476799999999999
R["R_NACHEX14ly"]	1.
R["R_S6T12g"]	1.
R["R_CYSTHRNaEx"]	0.32324
R["R_DORNOp"]	0.21979999999999994
R["R_GND"]	0.
R["R_NDPK4m"]	1.
R["R_UMPK6n"]	1.
R["R_DNDPt61m"]	0.35253999999999996
R["R_ABTArm"]	0.31398000000000004
R["R_XYLK"]	0.34628
R["R_ILEtec"]	0.9984
R["R_GK1"]	0.23443999999999998
R["R_UDPGLCtg"]	0.9045400000000001
R["R_CHSTEROLt"]	0.21112000000000003
R["R_S6T7g"]	1.
R["R_PROSTGE1t"]	0.4027000000000001
R["R_CERT1rt"]	0.9943000000000002
R["R_DHORTS"]	0.4103
R["R_H7_APOS_ETer"]	0.87436
R["R_P45019A2r"]	0.
R["R_ACTLMO"]	0.48912000000000005
R["R_CRNtHa"]	0.4081
R["R_SELNPS"]	1.
R["R_ORNDC"]	0.33208000000000004
R["R_PYDXK"]	1.
R["R_GLCAT2g"]	0.43976
R["R_HPYRRy"]	0.9999600000000001
R["R_MI3PP"]	1.
R["R_DESAT18_9"]	0.2506
R["R_ACACt2m"]	0.37558
R["R_UGALNACtg"]	0.99918
R["R_C4STMO2Pr"]	0.45633999999999997
R["R_NDP7ex"]	0.50282
R["R_CYTK4"]	0.8322800000000001
R["R_CHOLATEt2"]	0.3139
R["R_G6PDH2rer"]	0.5641
R["R_ANDRSTRNGLCte"]	0.7728599999999999
R["R_TMNDNCCPT1"]	0.9589400000000001
R["R_PUNP1"]	0.9998400000000001
R["R_GLCAT5g"]	0.43976
R["R_T4HCINNOX"]	0.20602
R["R_HSD3B3r"]	0.3234
R["R_B3GNT313g"]	0.15564
R["R_NDPK8m"]	1.
R["R_MELATN23DOX"]	0.28715999999999997
R["R_FAS80COA_L"]	0.29176
R["R_NTD1m"]	0.24212000000000003
R["R_NDPK5"]	0.99962
R["R_PDE4"]	0.86862
R["R_MCLOR"]	1.
R["R_BTNt2m"]	0.37558
R["R_B3GNT38g"]	0.15564
R["R_FAOXC183806x"]	0.22146
R["R_DLNLCGCRNt"]	0.27876
R["R_H2Otm"]	0.
R["R_PIPLC"]	0.8266
R["R_TYRDOPO3"]	0.20602
R["R_M4BET2er"]	0.9987600000000001
R["R_COAtm"]	0.8703
R["R_DAGKn_hs"]	0.9997399999999999
R["R_NTD9"]	0.1914
R["R_DNAMTn"]	1.
R["R_S6T20g"]	0.9999399999999999
R["R_FBA5"]	0.21517999999999998
R["R_AP4AH1"]	0.
R["R_RAI3"]	0.9987999999999999
R["R_GLNASNNaEx"]	0.2732
R["R_FA180ACPH"]	0.22978
R["R_A_MANASE"]	0.9995200000000001
R["R_PAFHe"]	0.8298399999999999
R["R_DOLPGT3_Uer"]	0.94472
R["R_G14T13g"]	1.
R["R_SRTNtu"]	0.24668
R["R_METLEUex"]	0.36524
R["R_GAO2g"]	0.25552
R["R_KCC2t"]	0.99886
R["R_NNDPR"]	0.9999600000000001
R["R_PRODt2rL"]	0.54814
R["R_T2M26DCOAHLx"]	1.
R["R_LNLCCPT2"]	0.7609199999999999
R["R_TRIODTHYt"]	0.9267800000000002
R["R_MELATNOX"]	0.4596400000000001
R["R_MANt1r"]	0.9995
R["R_S6TASE25ly"]	0.2375
R["R_CITtbm"]	0.5306
R["R_DHCR243r"]	0.99992
R["R_MI1345PP"]	0.88398
R["R_TYRTAm"]	1.
R["R_TRDR3"]	0.27804
R["R_HEXCCPT2"]	0.7609199999999999
R["R_GGH_DASH_10FTHF7GLUe"]	0.5100399999999999
R["R_PPDOx"]	1.
R["R_THRALANaEx"]	0.32324
R["R_S6TASE21ly"]	0.35742
R["R_S2TASE1ly"]	0.9842000000000001
R["R_APAT2rm"]	0.31398000000000004
R["R_BILGLCURt"]	0.37896
R["R_NDP3ex"]	0.50282
R["R_FUMAC"]	0.28902
R["R_GLNS"]	0.35278
R["R_DNDPt37m"]	0.35253999999999996
R["R_P45027A15m"]	0.9478
R["R_ACRNtm"]	0.27876
R["R_UGCG"]	0.
R["R_FPGS3m"]	0.43022
R["R_PYNP2r"]	0.38588
R["R_SRTNACT"]	0.8270199999999999
R["R_G14T7g"]	1.
R["R_DURIK1"]	0.9595600000000001
R["R_RDH2"]	0.84626
R["R_NNATn"]	0.33677999999999997
R["R_OXAHCOtex"]	0.71596
R["R_PCHOLPr_hs"]	0.20693999999999999
R["R_S6TASE16ly"]	0.35742
R["R_M16NTg"]	0.7941
R["R_INSt5"]	0.
R["R_NACHEX25ly"]	1.
R["R_UGT1A9r"]	0.5186
R["R_S6T17g"]	1.
R["R_GluForTx"]	0.26437999999999995
R["R_RDH3a"]	0.29294000000000003
R["R_MM7Cag"]	0.6794199999999999
R["R_OIVD3m"]	0.
R["R_UREAt"]	0.9802399999999999
R["R_L_DASH_LACtcm"]	0.21986
R["R_H4ET3er"]	0.8810600000000001
R["R_ETHP"]	0.
R["R_GHMT3"]	0.33755999999999997
R["R_GGH_DASH_10FTHF6GLUl"]	0.5100399999999999
R["R_ACCOALm"]	1.
R["R_HPDCACRNCPT2"]	0.7609199999999999
R["R_TALA"]	1.
R["R_S6T11g"]	1.
R["R_GLCNACT4g"]	0.7559600000000001
R["R_ADRNCRNt"]	0.27876
R["R_SIAASE"]	0.8965399999999999
R["R_FACOAL224"]	0.99992
R["R_DNDPt18m"]	0.35253999999999996
R["R_GALt2_2"]	0.26976
R["R_NADS2"]	0.88208
R["R_ECOAH1m"]	0.99602
R["R_ACGAMK"]	0.25594
R["R_LSTO1r"]	1.
R["R_GLYt2rL"]	0.54814
R["R_HSD17B8r"]	0.1966
R["R_THRt4"]	1.
R["R_THYMDtl"]	0.9343199999999999
R["R_NACHEXA11ly"]	0.9791599999999999
R["R_PYRt2m"]	0.37558
R["R_GALASE4ly"]	0.2375
R["R_UPP3S"]	0.2941
R["R_UREAtm"]	0.21986
R["R_NACHEXA21ly"]	0.9791599999999999
R["R_FAOXC2051843x"]	0.22146
R["R_GPIDAer"]	0.4426
R["R_ACCOAtr"]	0.25552
R["R_H8MTer_U"]	0.22834000000000004
R["R_GASNASE2ly"]	0.99328
R["R_GPIDA2er"]	0.4426
R["R_CHLP"]	0.
R["R_DNDPt21m"]	0.35253999999999996
R["R_ASP1DC"]	0.79576
R["R_GRTT"]	1.
R["R_PPCDC"]	1.
R["R_PETOHMm_hs"]	0.54184
R["R_FAOXC150m"]	0.36154
R["R_DNAMTSEn"]	1.
R["R_URIt"]	0.46728000000000003
R["R_LNLNCACRNt"]	0.27876
R["R_NRVNCCPT1"]	0.9589400000000001
R["R_DNDPt31m"]	0.35253999999999996
R["R_AGPAT1"]	0.99962
R["R_FUT99g"]	0.23041999999999999
R["R_C3STDH1r"]	0.45633999999999997
R["R_MI1PP"]	1.
R["R_BILDGLCURte"]	0.7728599999999999
R["R_EHGLATm"]	1.
R["R_IDOAASE2ly"]	0.2246
R["R_GAL3ST12"]	0.
R["R_NP1"]	0.9998400000000001
R["R_SELADT"]	0.3618799999999999
R["R_GLYAMDTRc"]	0.30166
R["R_NACHEX3ly"]	1.
R["R_NACHEXA5ly"]	0.9791599999999999
R["R_PDXPP"]	0.21566000000000002
R["R_NACHEX6ly"]	1.
R["R_PI345P3P"]	0.9998400000000001
R["R_CLI2tex"]	0.19738
R["R_NTD4e"]	0.57886
R["R_ACONT"]	0.9999800000000001
R["R_H5MTer_U"]	0.9952799999999999
R["R_MALtm"]	0.7663399999999999
R["R_GLXO2p"]	0.25721999999999995
R["R_FA161ACPH"]	0.22978
R["R_HBZOPT10m"]	1.
R["R_DOLPMT3_Uer"]	0.9165800000000001
R["R_S2T3g"]	0.65782
R["R_FUT18g"]	0.5873
R["R_MI145PKn"]	0.32648
R["R_HISTAtu"]	0.41164000000000006
R["R_ADK3"]	0.8322800000000001
R["R_DNDPt40m"]	0.35253999999999996
R["R_CAT2p"]	0.35936
R["R_GAL3ST11"]	0.
R["R_A4GALTc"]	0.47425999999999996
R["R_PPDOy"]	1.
R["R_DGNSKm"]	0.9037199999999999
R["R_ADK3m"]	0.9999600000000001
R["R_SERASNNaEx"]	0.2732
R["R_FPGS9m"]	0.43022
R["R_CSNAT2m"]	0.8809799999999999
R["R_PTE4x"]	0.65672
R["R_ATPH1e"]	0.7158599999999999
R["R_ACGAM6PSi"]	0.9875399999999999
R["R_GLNt4"]	1.
R["R_PROSTGE2t"]	0.9267800000000002
R["R_CSNATer"]	0.8809799999999999
R["R_PROSTGE2t2"]	0.24668
R["R_BMTer_L"]	0.94156
R["R_FAOXC2242046x"]	0.22146
R["R_SR5AR2r"]	0.77034
R["R_DHAPAx"]	1.
R["R_G14T21g"]	1.
R["R_FBA4"]	0.99938
R["R_S23T3g"]	0.33416
R["R_DADA"]	0.6279
R["R_PMANM"]	0.99986
R["R_ABUTt4_LPAREN_2_RPAREN_r"]	0.90764
R["R_ACOX22x"]	0.29954000000000003
R["R_FPGS6m"]	0.43022
R["R_ACOAD8m"]	0.3598
R["R_FUT96g"]	0.23041999999999999
R["R_FAOXC170m"]	0.36154
R["R_5HOXINDACTOXm"]	1.
R["R_ACETONEt2m"]	0.37558
R["R_TDPGDH"]	1.
R["R_HOMt4"]	0.28837999999999997
R["R_NNATr"]	0.99596
R["R_MLTG1ly"]	0.34186
R["R_LSTO2r"]	1.
R["R_NDPK1m"]	1.
R["R_GALNTg"]	1.
R["R_MI1346PKn"]	0.32648
R["R_GLYCTO1p"]	0.25721999999999995
R["R_GLUt6"]	0.9999800000000001
R["R_ACACT1x"]	0.3365
R["R_B3GNT12g"]	0.99854
R["R_IDHPOXOX3"]	0.28884
R["R_PMI1346PH"]	0.89672
R["R_UGLCNACtg"]	0.30166
R["R_DNDPt8m"]	0.35253999999999996
R["R_CYSO"]	0.99504
R["R_UGT1A2r"]	0.9667000000000001
R["R_FUT94g"]	0.23041999999999999
R["R_UGT1A4r"]	0.9667000000000001
R["R_SUCRe"]	0.32882
R["R_NAHCO3_HCLt"]	0.25708000000000003
R["R_NTD4l"]	0.266
R["R_ALAGLYexR"]	0.42522000000000004
R["R_HS1ly"]	0.44136
R["R_ADRNCPT2"]	0.7609199999999999
R["R_G6Pter"]	0.48486
R["R_PROt2r"]	0.54814
R["R_UMPK6"]	1.
R["R_GLCAASE5ly"]	0.71092
R["R_CLPNDCRNt"]	0.27876
R["R_ALOX12"]	0.18158
R["R_PI34P5K"]	0.73878
R["R_THRSERNaEx"]	0.32324
R["R_NDPK6"]	0.99962
R["R_CYTK13n"]	1.
R["R_G14T15g"]	1.
R["R_THBPT4ACAMDASE"]	0.51678
R["R_DPMVDx"]	0.2891
R["R_PTRCOX1"]	0.99786
R["R_ADRNCPT1"]	0.9589400000000001
R["R_GUAPRT"]	1.
R["R_UGT1A7r"]	0.9667000000000001
R["R_OPAHir"]	0.22748
R["R_VACCCPT2"]	0.7609199999999999
R["R_SUCCt2m"]	0.7663399999999999
R["R_GHMT2rm"]	0.9999800000000001
R["R_GLPASE1"]	1.
R["R_HMGCOARx"]	0.45754
R["R_FACOAL1821"]	0.99992
R["R_H2ETer"]	0.87436
R["R_NACHEXA16ly"]	0.9791599999999999
R["R_GALASE10ly"]	0.2375
R["R_MDH"]	1.
R["R_GGH_DASH_7THFe"]	0.5100399999999999
R["R_GGH_DASH_6THFl"]	0.5100399999999999
R["R_FACOAL181i"]	0.99992
R["R_FAOXC2252053m"]	0.36154
R["R_CYTD"]	0.36269999999999997
R["R_NDP10ex"]	0.50282
R["R_NDPK7"]	0.99962
R["R_GMPR"]	0.35352
R["R_GLCNACT1g"]	0.99924
R["R_MECOALm"]	0.55618
R["R_FRTT"]	1.
R["R_VALtec"]	0.9984
R["R_AG13T15g"]	0.9999600000000001
R["R_GCNTg"]	0.24714
R["R_CLFORtex2"]	0.43393999999999994
R["R_P45011A1m"]	0.21282
R["R_GCALDDm"]	1.
R["R_CYSGLUexR"]	0.42522000000000004
R["R_LGNCCPT2"]	0.7609199999999999
R["R_ATPtm"]	1.
R["R_CERT2gt"]	0.9943000000000002
R["R_HMGCOASim"]	0.5466200000000001
R["R_NTD2e"]	0.57886
R["R_P4502E1"]	0.48912000000000005
R["R_LNLNCGCPT2"]	0.7609199999999999
R["R_HSD3B2r"]	0.3234
R["R_VALTAm"]	0.23773999999999998
R["R_C180CPT2"]	0.7609199999999999
R["R_FAOXC204"]	0.36154
R["R_34HPPOR"]	0.3484
R["R_HSD17B3r"]	0.15214
R["R_C160CPT2"]	0.7609199999999999
R["R_NABTNO"]	1.
R["R_GGH_DASH_10FTHF6GLUe"]	0.5100399999999999
R["R_UGT1A1r"]	0.9667000000000001
R["R_URAt"]	0.46728000000000003
R["R_UGT1A10r"]	0.9667000000000001
R["R_B3GALT5g"]	0.20838
R["R_CYTK2n"]	1.
R["R_NDPK9"]	0.99962
R["R_NACHEXA14ly"]	0.9791599999999999
R["R_NACHEXA19ly"]	0.9791599999999999
R["R_PGDIr"]	0.39488
R["R_GLU5Km"]	0.36956
R["R_ABUTD"]	1.
R["R_DNDPt33m"]	0.35253999999999996
R["R_P5CRx"]	0.22884000000000002
R["R_ASPt6"]	0.9999800000000001
R["R_ARACHCPT1"]	0.9589400000000001
R["R_HSD3B13"]	0.40342
R["R_HACD9m"]	1.
R["R_ALAt4"]	1.
R["R_ADPMAN"]	1.
R["R_FACOAL191"]	0.55542
R["R_DNDPt42m"]	0.35253999999999996
R["R_PHCDm"]	0.99914
R["R_ICDHyrm"]	0.35134
R["R_TETTET6CPT1"]	0.9589400000000001
R["R_G14T4g"]	1.
R["R_PEROXx"]	0.
R["R_DESAT18_8"]	0.2506
R["R_RETH"]	0.97514
R["R_L_DASH_LACt2r"]	0.86304
R["R_MMCD"]	0.9904
R["R_MTAP"]	0.9989799999999999
R["R_PNTK"]	0.9755800000000001
R["R_TCHOLAt3"]	0.3566
R["R_VACCCPT1"]	0.9589400000000001
R["R_C161CPT22"]	0.7609199999999999
R["R_H3MTer_L"]	0.94156
R["R_SIAT9g"]	0.9994799999999999
R["R_CLPNDCPT2"]	0.7609199999999999
R["R_MI1PS"]	1.
R["R_FUMTSULtm"]	0.7663399999999999
R["R_ST6GALNAC26"]	0.25736
R["R_UGT1A3r"]	0.9667000000000001
R["R_C180CRNt"]	0.27876
R["R_MHISOR"]	0.99786
R["R_PGMT"]	1.
R["R_DESAT18_10"]	0.2506
R["R_DALAOXx"]	0.21979999999999994
R["R_5MTHFt"]	0.21048
R["R_BTND1"]	0.74036
R["R_ST8SIA52g"]	0.24406
R["R_FTHFCL"]	0.31192000000000003
R["R_EPCTX"]	0.20802
R["R_SERt4"]	1.
R["R_GACMTRc"]	0.6888799999999999
R["R_5HOXINOXDA"]	0.9590399999999999
R["R_C226CPT1"]	0.9589400000000001
R["R_FACOAL240"]	0.99992
R["R_THMTP"]	0.28275999999999996
R["R_PIK4"]	0.45164
R["R_PHEMEt"]	0.6530400000000001
R["R_AHC"]	1.
R["R_GABAVESSEC"]	0.2643
R["R_CYTK7"]	1.
R["R_GCCam"]	0.49254
R["R_MI145PP"]	0.88398
R["R_S6TASE22ly"]	0.2375
R["R_ACSm"]	1.
R["R_ACCOAL"]	0.22089999999999996
R["R_NTD5"]	0.38242000000000004
R["R_ACACT5p"]	0.37564000000000003
R["R_AGTim"]	0.56162
R["R_ACACT7p"]	0.37564000000000003
R["R_H2MTer_L"]	0.9952799999999999
R["R_S6T25g"]	0.3136
R["R_UMPK4n"]	1.
R["R_HSD3B13r"]	0.3234
R["R_DCT"]	0.24050000000000002
R["R_PGI"]	1.
R["R_ACYP"]	1.
R["R_DNDPt29m"]	0.35253999999999996
R["R_OMPDC"]	1.
R["R_34DHXMANDACOX"]	0.92136
R["R_GNMT"]	0.21398
R["R_34DHPHAMT"]	0.22633999999999999
R["R_PSFLIPm"]	0.70762
R["R_S6T14g"]	1.
R["R_GLUPRT"]	1.
R["R_DUTPDPm"]	1.
R["R_GHMT2r"]	0.33755999999999997
R["R_GLCNACDASg"]	0.8058799999999999
R["R_ST6GALNAC25"]	0.25736
R["R_THRASNNaEx"]	0.2732
R["R_GLCAT7g"]	0.7559600000000001
R["R_PMI1346PHn"]	0.89672
R["R_ST6GALNAC22"]	0.25736
R["R_CYTK9"]	1.
R["R_THRGLYexR"]	0.42522000000000004
R["R_CITtam"]	0.5306
R["R_KHK3"]	0.29436
R["R_ALCD1"]	0.9999600000000001
R["R_ABO1g"]	0.44665999999999995
R["R_GLCt1r"]	0.9995
R["R_DGK1"]	0.23443999999999998
R["R_ELAIDCRNt"]	0.27876
R["R_PHYHx"]	0.24956
R["R_DNDPt17m"]	0.35253999999999996
R["R_ACOAD9m"]	0.99864
R["R_S4T1g"]	1.
R["R_M4BTAer"]	0.253
R["R_AG13T1g"]	0.9999600000000001
R["R_ACOAD10m"]	1.
R["R_3NTD7l"]	0.266
R["R_A4GNT2g"]	0.22056
R["R_HISD"]	0.20882
R["R_PUNP3"]	0.9998400000000001
R["R_DHCR242r"]	0.99992
R["R_NDPK4"]	0.99962
R["R_NDPK10n"]	0.99962
R["R_S6TASE11ly"]	0.35742
R["R_COQ7m"]	0.9689599999999998
R["R_M4CET3er"]	0.8810600000000001
R["R_DNDPt27m"]	0.35253999999999996
R["R_NAGAly"]	0.99896
R["R_INStm"]	0.37360000000000004
R["R_LFORKYNHYD"]	0.42208000000000007
R["R_DOPASULT"]	0.9897
R["R_B3GNT315g"]	0.15564
R["R_FAOXC1811602m"]	0.36154
R["R_GLYt4"]	1.
R["R_NTD5m"]	0.24212000000000003
R["R_GGH_DASH_7DHFl"]	0.5100399999999999
R["R_GLNCYSNaEx"]	0.2732
R["R_UGT1A5r2"]	0.9667000000000001
R["R_HISDC"]	0.24884
R["R_PRAGSr"]	0.5035399999999999
R["R_FK"]	0.98368
R["R_FCLTm"]	0.17832
R["R_HXPRT"]	1.
R["R_LAPCOAl"]	0.266
R["R_DNDPt46m"]	0.35253999999999996
R["R_UGALNACter"]	0.5494600000000001
R["R_M13N2Tg"]	0.20789999999999997
R["R_THRCYSNaEx"]	0.32324
R["R_NOS1"]	0.8991199999999999
R["R_4NPHSULT"]	0.9897
R["R_TRYPTAOX"]	0.99786
R["R_ARACHCPT2"]	0.7609199999999999
R["R_SERHL"]	0.31392
R["R_DOLASNT_Uer"]	0.27822
R["R_NACHEX13ly"]	1.
R["R_ALCD22_D"]	0.9999600000000001
R["R_ASPTAm"]	1.
R["R_FAOXC16080m"]	0.36154
R["R_PGESr"]	0.9896999999999998
R["R_FUMm"]	1.
R["R_S6TASE5ly"]	0.2375
R["R_GLUVESSEC"]	0.9084
R["R_GALGT4"]	0.8431599999999999
R["R_PIACGT"]	0.3597
R["R_FATP2t"]	1.
R["R_NTD8"]	0.38242000000000004
R["R_ACNAM9PL2"]	1.
R["R_EICOSTETCPT2"]	0.7609199999999999
R["R_S6T1g"]	1.
R["R_SERGLYexR"]	0.42522000000000004
R["R_ST8SIA51g"]	0.24406
R["R_STS3"]	0.59566
R["R_XAOx"]	0.27154
R["R_ARACHCRNt"]	0.27876
R["R_NDPK7m"]	1.
R["R_MG1er"]	0.45806
R["R_NRPPHRSULT"]	0.9897
R["R_DOPAVESSEC"]	0.9908999999999999
R["R_DNDPt52m"]	0.35253999999999996
R["R_NACHEX17ly"]	1.
R["R_FAOXC2252053x"]	0.22146
R["R_CYSASNNaEx"]	0.2732
R["R_ALOX15"]	0.31116
R["R_FUT98g"]	0.23041999999999999
R["R_ARSA"]	0.2833
R["R_DESAT18_3"]	0.5227999999999999
R["R_SERDGLYexR"]	0.42522000000000004
R["R_GALASE13ly"]	0.2375
R["R_ADEtl"]	0.9343199999999999
R["R_FATP8t"]	0.55542
R["R_CYTK1"]	1.
R["R_CKc"]	0.5829799999999999
R["R_LCAT1e"]	0.19224
R["R_S6TASE17ly"]	0.35742
R["R_MCOATAm"]	0.9999800000000001
R["R_G6PDA"]	0.7136800000000001
R["R_DPGase"]	1.
R["R_CYTK10"]	1.
R["R_P45017A3r"]	0.35484
R["R_NACHEX11ly"]	1.
R["R_S4TASE3ly"]	0.4053999999999999
R["R_ACACT10m"]	0.27906
R["R_GALNACT5g"]	0.9958199999999999
R["R_PIt9"]	0.6601
R["R_DMATTx"]	1.
R["R_GALTg"]	0.22876000000000002
R["R_GBA"]	0.9999800000000001
R["R_THMt3"]	0.34700000000000003
R["R_TAURtcx"]	0.21760000000000002
R["R_5ADTSTSTERONEGLCte"]	0.7728599999999999
R["R_ST8SIA12"]	0.
R["R_P4507A1r"]	0.58924
R["R_CRNtuIR"]	0.4081
R["R_MM8Ber"]	0.9998400000000001
R["R_2AMADPTm"]	0.5978
R["R_GAO1"]	0.25552
R["R_PGCD"]	1.
R["R_H6_APOS_ETer"]	0.87436
R["R_HYPOE"]	0.21566000000000002
R["R_GAPD"]	0.67904
R["R_P45021A2r"]	0.37338
R["R_ESTSULT"]	0.7254799999999999
R["R_NACHEX27ly"]	1.
R["R_DHCR241r"]	0.99992
R["R_S6T18g"]	0.97732
R["R_NDPK1n"]	0.99962
R["R_PROSTGE1t3"]	0.22477999999999998
R["R_NRVNCCRNt"]	0.27876
R["R_PFK"]	0.29748
R["R_FPGS3"]	0.43022
R["R_GRTTx"]	1.
R["R_FPGS"]	0.43022
R["R_SIAASEly"]	0.2375
R["R_3SALATAi"]	0.8030200000000001
R["R_SALMCOM"]	0.9998400000000001
R["R_BTNDe"]	0.74036
R["R_CHTNASE"]	0.98988
R["R_CGMPt"]	0.94298
R["R_NCCt"]	0.53294
R["R_INSt"]	0.46728000000000003
R["R_NACHEX22ly"]	1.
R["R_CYTDt4"]	0.16272
R["R_DNDPt57m"]	0.35253999999999996
R["R_B3GNT11g"]	0.99854
R["R_SRTN23OX"]	0.28715999999999997
R["R_PI5P4K"]	0.45164
R["R_PROD2"]	0.37889999999999996
R["R_UPPDC1"]	1.
R["R_RBFK"]	0.31578
R["R_AMACRr"]	0.90876
R["R_ARGtiDF"]	0.28837999999999997
R["R_ACOX2x"]	0.29954000000000003
R["R_Uritl"]	0.9343199999999999
R["R_NACHEXA15ly"]	0.9791599999999999
R["R_PCHOLPm_hs"]	0.20693999999999999
R["R_P4507B12r"]	0.28057999999999994
R["R_DESAT18_4"]	0.5227999999999999
R["R_DNDPt56m"]	0.35253999999999996
R["R_ARGN"]	0.25270000000000004
R["R_SPODMe"]	0.10425999999999999
R["R_SACCD3m"]	0.827
R["R_NACHEX21ly"]	1.
R["R_MALTly"]	0.34186
R["R_NACHEXA13ly"]	0.9791599999999999
R["R_CORE4GTg"]	0.22988
R["R_DCIm"]	1.
R["R_KYN3OX"]	0.26514
R["R_VITD3Hm"]	0.9478
R["R_DNDPt41m"]	0.35253999999999996
R["R_METAT"]	0.26454
R["R_PRFGS"]	0.43914
R["R_MI134PP"]	0.99976
R["R_APRTO2"]	0.9590399999999999
R["R_HISt4"]	0.9998799999999999
R["R_CHOLK"]	0.30064
R["R_ST6GALNAC61"]	0.22304
R["R_CBL2tm"]	0.39504
R["R_DASPO1p"]	0.33458
R["R_P4504B1r"]	0.29626
R["R_ACOAHi"]	0.30968
R["R_SR5ARr"]	0.77034
R["R_ENGASE2"]	0.9987999999999999
R["R_LDH_L"]	1.
R["R_BAAT4x"]	0.0766
R["R_DNDPt50m"]	0.35253999999999996
R["R_MM6B1ag"]	0.6794199999999999
R["R_THFt2"]	0.99992
R["R_TRIODTHYSULT"]	0.7254799999999999
R["R_ENO"]	1.
R["R_ALOX5"]	0.33246000000000003
R["R_ALCD2yf"]	1.
R["R_DNDPt14m"]	0.35253999999999996
R["R_NACHEX8ly"]	1.
R["R_PUNP5"]	0.9998400000000001
R["R_IPDDIx"]	0.8000799999999998
R["R_5HLTDL"]	0.18636
R["R_GALt4"]	0.35084
R["R_PRAIS"]	0.5035399999999999
R["R_STS4r"]	0.59566
R["R_DOLPGT1_Ler"]	0.9999600000000001
R["R_TCHOLAt2"]	0.3139
R["R_FAOXC1811603m"]	0.36154
R["R_GCHOLAt3"]	0.3566
R["R_B3GNT34g"]	0.15564
R["R_NTD2"]	1.
R["R_AICART"]	0.49672
R["R_C3STDH1Pr"]	0.45633999999999997
R["R_AMACR2p"]	0.90876
R["R_NACHEX2ly"]	1.
R["R_ASPTA"]	0.8030200000000001
R["R_LPS2e"]	0.13616
R["R_ALR"]	1.
R["R_MM6ag"]	0.6794199999999999
R["R_ESTRONESt2"]	0.3139
R["R_TRPt4"]	0.16408
R["R_PRODt2r"]	0.54814
R["R_FAOXC16180m"]	0.36154
R["R_PUNP6"]	0.9998400000000001
R["R_A4GNT1g"]	0.22056
R["R_LEUKTRC4t"]	0.37896
R["R_NNMT"]	0.29847999999999997
R["R_NACHEXA18ly"]	0.9791599999999999
R["R_ESTRADIOLGLCt"]	0.9267800000000002
R["R_FAEL204"]	0.9999800000000001
R["R_AG13T17g"]	0.9999600000000001
R["R_FACOAL80i"]	0.26049999999999995
R["R_ADSK"]	0.3618799999999999
R["R_ADNt5"]	0.
R["R_DEBRISOQUINEt"]	0.
R["R_P45039A1r"]	0.8035599999999998
R["R_G14T5g"]	1.
R["R_PRPNCOAHYDx"]	0.41583999999999993
R["R_NACHEXA2ly"]	0.9791599999999999
R["R_FAS120COA"]	0.29176
R["R_ACACT8p"]	0.37564000000000003
R["R_DNDPt47m"]	0.35253999999999996
R["R_EICOSTETCPT1"]	0.9589400000000001
R["R_PI45P3K"]	0.5339400000000001
R["R_LALDO2"]	1.
R["R_ACGPID"]	0.58568
R["R_LNS14DM"]	0.51568
R["R_DUTPDPn"]	1.
R["R_AMPTASECGe"]	0.30748
R["R_MTHFCm"]	1.
R["R_PGSr"]	0.31688
R["R_S6TASE2ly"]	0.35742
R["R_C2M26DCOAHLx"]	1.
R["R_4HOXPACDOX_LPAREN_NADP_RPAREN_"]	0.92136
R["R_P45017A1r"]	0.35484
R["R_IMACTD_m"]	1.
R["R_BILIRED"]	1.
R["R_ICDHxm"]	0.39486
R["R_CYTK12n"]	1.
R["R_CITt4_2"]	0.27526
R["R_ST3GAL61g"]	0.82112
R["R_DOLPMT3_Ler"]	0.9165800000000001
R["R_CYSSERNaEx"]	0.32324
R["R_NS26T2g"]	0.19360000000000002
R["R_NDPK8"]	0.99962
R["R_FRUt1r"]	0.5467599999999999
R["R_P45027A16m"]	0.9478
R["R_PROt4_LPAREN_2_RPAREN_r"]	0.34109999999999996
R["R_SCPx"]	1.
R["R_ESTRONESt"]	0.9267800000000002
R["R_FAOXC2442246x"]	0.22146
R["R_S6TASE20ly"]	0.35742
R["R_MM6B2g"]	0.6794199999999999
R["R_URIt5"]	0.
R["R_NTD7e"]	0.57886
R["R_ALDD19x_LPAREN_P_RPAREN_"]	0.92136
R["R_BILDGLCURt"]	0.21433999999999997
R["R_FTHFLm"]	0.21772
R["R_S6T2g"]	1.
R["R_XYLTer"]	0.69732
R["R_NAt"]	0.33772
R["R_HXANtl"]	0.9343199999999999
R["R_MCOATA"]	0.29176
R["R_ALATHRNaEx"]	0.32324
R["R_LNLNCGCPT1"]	0.9589400000000001
R["R_SQLEr"]	0.31494
R["R_3AIBTm"]	0.31398000000000004
R["R_NACHEX7ly"]	1.
R["R_STS4"]	0.59566
R["R_DOPABMO"]	0.33588
R["R_GLPASE2"]	1.
R["R_NT5C"]	0.1914
R["R_FBP"]	0.24467999999999995
R["R_VACCCRNt"]	0.27876
R["R_PUNP4"]	0.9998400000000001
R["R_HSD3B7"]	0.52668
R["R_PSSA1_hs"]	0.27962
R["R_LPASE"]	0.4791
R["R_TRPHYDRO2"]	0.39164000000000004
R["R_PLA2_2e"]	0.9997199999999999
R["R_TREHe"]	0.32082
R["R_MMCDp"]	0.9904
R["R_S4T2g"]	1.
R["R_LALDO"]	0.9999600000000001
R["R_M4ATAer"]	0.27744
R["R_GLCt4_2"]	0.26976
R["R_CBLATm"]	0.39504
R["R_S6TASE13ly"]	0.35742
R["R_3SALACBOXL"]	0.79576
R["R_RBK"]	0.
R["R_P4502C9"]	0.51878
R["R_ITCOAL1m"]	0.55618
R["R_S6T10g"]	1.
R["R_HPROxm"]	0.99914
R["R_FATP9t"]	0.55542
R["R_MCDp"]	0.9904
R["R_TSULt4_3"]	0.3065
R["R_AG13T7g"]	0.9999600000000001
R["R_S6TASE3ly"]	0.35742
R["R_PYRt2r"]	0.37558
R["R_NDPK6n"]	0.99962
R["R_ST6GALNAC23"]	0.25736
R["R_NTD5l"]	0.266
R["R_GMPS2"]	0.19024000000000002
R["R_AG13T2g"]	0.9999600000000001
R["R_GCC2bim"]	0.49254
R["R_BHMT"]	0.37160000000000004
R["R_FAOXC204184m"]	0.36154
R["R_HACD1x"]	0.41583999999999993
R["R_AG13T6g"]	0.9999600000000001
R["R_DHPR"]	0.9994399999999999
R["R_P4502C92"]	0.51878
R["R_SELMETAT"]	0.26454
R["R_CDS"]	0.19305999999999998
R["R_H2CO3D"]	0.6146
R["R_ALDD2xm"]	1.
R["R_PUNP7"]	0.9998400000000001
R["R_CBPPer"]	0.45210000000000006
R["R_NTD2l"]	0.266
R["R_GLCt2_2"]	0.26976
R["R_FATP6t"]	0.55542
R["R_C161CPT1"]	0.9589400000000001
R["R_S2T4g"]	0.4226
R["R_GLCNACASE5ly"]	0.9634599999999999
R["R_ACP1_LPAREN_FMN_RPAREN_"]	0.9436399999999999
R["R_NACHEXA17ly"]	0.9791599999999999
R["R_GLUDym"]	1.
R["R_PIK3"]	0.9998799999999999
R["R_LALDD"]	0.9999600000000001
R["R_AMPTASECG"]	0.30748
R["R_SERDGLNexR"]	0.42522000000000004
R["R_GLBRAN"]	0.22441999999999998
R["R_HPCLx"]	0.1961
R["R_S6TASE9ly"]	0.2375
R["R_NKCCt"]	0.40279999999999994
R["R_ADSL2"]	1.
R["R_ACCOACm"]	0.24413999999999997
R["R_GCALDD"]	1.
R["R_5HXKYNDCL"]	0.18636
R["R_MM6B1bg"]	0.6794199999999999
R["R_FUT35g"]	0.29788000000000003
R["R_GLNALANaEx"]	0.2732
R["R_PDX5PO"]	1.
R["R_S6TASE6ly"]	0.2375
R["R_OCOAT1m"]	0.53656
R["R_H6MTer_U"]	0.22834000000000004
R["R_PYLALDOX"]	1.
R["R_ST6GALNAC62"]	0.22304
R["R_CITL"]	0.14676
R["R_S4TASE2ly"]	0.4053999999999999
R["R_P45011B12m"]	0.30194
R["R_RDH1"]	0.84626
R["R_P4504F81r"]	0.51568
R["R_DARGOp"]	0.21979999999999994
R["R_A4GALTg"]	0.47425999999999996
R["R_FACOAL204i"]	0.99992
R["R_ASNCYSNaEx"]	0.2732
R["R_GLUDC"]	0.79576
R["R_GMAND"]	0.23054000000000002
R["R_CYTDK1"]	1.
R["R_FACOAL140i"]	0.26049999999999995
R["R_TRDR2"]	0.27804
R["R_B3GNT35g"]	0.15564
R["R_AG13T4g"]	0.9999600000000001
R["R_DNDPt53m"]	0.35253999999999996
R["R_CAt7r"]	0.52952
R["R_ACACt2"]	0.37558
R["R_GLUDxm"]	1.
R["R_GUACYC"]	0.45394000000000007
R["R_CYTK11n"]	1.
R["R_5FTHFt2"]	0.99992
R["R_NDPK2m"]	1.
R["R_GALASE1ly"]	0.2375
R["R_TMLYSOX"]	0.75702
R["R_S4TASE4ly"]	0.4053999999999999
R["R_LYSMTF3n"]	0.9999800000000001
R["R_ETOHMO"]	0.48912000000000005
R["R_ACGAMPM"]	0.9996
R["R_GGH_DASH_6DHFl"]	0.5100399999999999
R["R_2OXOADPTm"]	0.5978
R["R_GHMT3m"]	0.9999800000000001
R["R_FUT16g"]	0.5873
R["R_HKt"]	0.21719999999999998
R["R_DMATT"]	1.
R["R_H8TAer"]	0.253
R["R_DOLPGT3_Ler"]	0.94472
R["R_GLCt2r"]	0.17596
R["R_FUT12g"]	0.5873
R["R_NTD3"]	0.38242000000000004
R["R_FAOXC11"]	0.36154
R["R_TPI"]	1.
R["R_S23T4g"]	0.5754199999999999
R["R_KYNAKGAT"]	0.98284
R["R_TRDR"]	0.27804
R["R_41R1H2MAE12BOOX"]	0.9590399999999999
R["R_CPPPGO"]	0.6476200000000001
R["R_GGH_DASH_6DHFe"]	0.5100399999999999
R["R_FAOXC80"]	0.36154
R["R_ADKd"]	0.8322800000000001
R["R_GALASE17ly"]	0.2375
R["R_P45017A2r"]	0.35484
R["R_PHEt4"]	1.
R["R_HEXCCPT1"]	0.9589400000000001
R["R_FAOXC182806m"]	0.36154
R["R_MTHFD2m"]	1.
R["R_ASNALANaEx"]	0.2732
R["R_H7MTer_L"]	0.22834000000000004
R["R_C181CPT1"]	0.9589400000000001
R["R_B3GALT41g"]	0.29154
R["R_DESAT24_1"]	0.2506
R["R_SALMCOM2"]	0.9998400000000001
R["R_FAS160COA"]	0.29176
R["R_FUT92g"]	0.23041999999999999
R["R_TYMSULT"]	0.9897
R["R_B3GNT311g"]	0.15564
R["R_RDH2a"]	0.6291399999999999
R["R_G14T10g"]	1.
R["R_PROD2m"]	0.99914
R["R_S6TASE1ly"]	0.35742
R["R_GTHP"]	1.
R["R_KCCt"]	0.99886
R["R_NTD4"]	1.
R["R_LEUTAm"]	0.23773999999999998
R["R_GCC2cm"]	0.49254
R["R_AMY1e"]	1.
R["R_S6T22g"]	0.9999399999999999
R["R_LDH_D"]	0.57206
R["R_GSNtm"]	0.37360000000000004
R["R_DPROOp"]	0.21979999999999994
R["R_NACHEXA12ly"]	0.9791599999999999
R["R_TKT2"]	0.29272
R["R_ST6GALNAC27"]	0.25736
R["R_PCHOLPg_hs"]	0.20693999999999999
R["R_PLA2_2"]	0.30052
R["R_DNDPt4m"]	0.35253999999999996
R["R_DNDPt60m"]	0.35253999999999996
R["R_MALSO4tm"]	0.7663399999999999
R["R_GALASE3ly"]	0.2375
R["R_NABTNOm"]	1.
R["R_ACOATA"]	0.29176
R["R_GLCAT8g"]	0.7559600000000001
R["R_CYANSTm"]	0.2245
R["R_ACNAM9PL"]	1.
R["R_GGH_DASH_10FTHF7GLUl"]	0.5100399999999999
R["R_ASNt4"]	1.
R["R_DOLPGT2_Uer"]	0.22664
R["R_DESAT20_1"]	0.21566000000000002
R["R_INSTt4_2"]	0.33256
R["R_CORE6GTg"]	0.82722
R["R_ICDHyp"]	1.
R["R_PRDXl"]	0.24628
R["R_ECOAH1x"]	1.
R["R_GPAMm_hs"]	0.83224
R["R_DLNLCGCPT1"]	0.9589400000000001
R["R_ASPDt6"]	0.9999800000000001
R["R_STS2"]	0.59566
R["R_ST6GALNAC24"]	0.25736
R["R_COQ6m"]	0.
R["R_LNLCCPT1"]	0.9589400000000001
R["R_AMACRp"]	0.90876
R["R_ACGAM2E"]	0.28769999999999996
R["R_FACOAL150"]	0.99992
R["R_COKECBESr"]	0.28788
R["R_PTDCACRNt"]	0.27876
R["R_METt4"]	1.
R["R_ATPasel"]	0.41928
R["R_C180CPT1"]	0.9589400000000001
R["R_CYTK13"]	1.
R["R_FACOAL170"]	0.99992
R["R_CHOLtu"]	0.42332000000000003
R["R_GLCAT3g"]	0.43976
R["R_PI3P5K"]	0.73878
R["R_GALGT3"]	0.8431599999999999
R["R_ALCD21_L"]	0.9999600000000001
R["R_FUMtm"]	0.7663399999999999
R["R_LACZly"]	0.2375
R["R_ABO9g"]	0.44665999999999995
R["R_S6TASE7ly"]	0.2375
R["R_GLCAE2g"]	0.54376
R["R_DHCR72r"]	0.28948
R["R_GPIAT"]	0.32576
R["R_UDPXYLtg"]	0.29638
R["R_PRPPS"]	1.
R["R_NACHEX5ly"]	1.
R["R_GTHS"]	0.2049
R["R_ABO5g"]	0.44665999999999995
R["R_NACHEXA10ly"]	0.9791599999999999
R["R_ARGt4"]	0.16408
R["R_AMETt2m"]	0.5901400000000001
R["R_FACOAL1831"]	0.99992
R["R_P4502A6"]	0.23148
R["R_ATPS4m"]	0.33046000000000003
R["R_DCK1n"]	0.46534
R["R_ADPRDPm"]	0.4615600000000001
R["R_GLCNACT5g"]	0.7559600000000001
R["R_PYDAMK"]	1.
R["R_UMPK5n"]	1.
R["R_TETPENT3CPT2"]	0.7609199999999999
R["R_SIAASE3ly"]	0.2375
R["R_FAOXC1811601m"]	0.36154
R["R_FAOXC241181x"]	0.22146
R["R_3HLYTCL"]	0.18636
R["R_ARGLYSex"]	0.75234
R["R_CYTDtl"]	0.9343199999999999
R["R_SLDxm"]	0.22278000000000003
R["R_MM5ag"]	0.6794199999999999
R["R_UDPGLDCg"]	0.34421999999999997
R["R_NACASPAH"]	0.43126
R["R_RNDR4"]	0.5882799999999999
R["R_ALAt2rL"]	0.54814
R["R_GLCAASE1ly"]	0.71092
R["R_CLOHtex2"]	0.43393999999999994
R["R_GSNt"]	0.46728000000000003
R["R_5HXKYNOXDA"]	0.9590399999999999
R["R_NACHEX16ly"]	1.
R["R_EBP1r"]	0.23523999999999998
R["R_LDH_Lm"]	1.
R["R_BDG2HCGHD"]	0.34788
R["R_UMPK7"]	1.
R["R_PROSTGE2t3"]	0.22477999999999998
R["R_UDPG4E"]	0.1901
R["R_HEX4"]	0.99964
R["R_PGM"]	1.
R["R_BCDO"]	0.3167
R["R_GLNTHRNaEx"]	0.2732
R["R_GGH_DASH_5DHFe"]	0.5100399999999999
R["R_GTHPm"]	1.
R["R_PNP"]	0.9998400000000001
R["R_THYMDtm"]	0.37360000000000004
R["R_DNDPt12m"]	0.35253999999999996
R["R_NRPPHRtu"]	0.41164000000000006
R["R_SPRn"]	0.21303999999999998
R["R_SMPD3l"]	0.39858000000000005
R["R_DNDPt2m"]	0.35253999999999996
R["R_MOGAT"]	0.26876
R["R_AHEXASEly"]	1.
R["R_HSD11B1r"]	0.2384
R["R_AKR1D"]	0.16288
R["R_FUT97g"]	0.23041999999999999
R["R_MALSO3tm"]	0.7663399999999999
R["R_FOLR2"]	1.
R["R_DNDPt6m"]	0.35253999999999996
R["R_P45017A4r"]	0.35484
R["R_HOXG"]	0.5391600000000001
R["R_PTDCACRNCPT2"]	0.7609199999999999
R["R_ADSL1"]	1.
R["R_IDOAASE1ly"]	0.2246
R["R_PTPAT"]	0.21664
R["R_P4502C94"]	0.51878
R["R_S6TASE24ly"]	0.35742
R["R_FACOAL160i"]	0.99992
R["R_CHOLATEt"]	0.44374
R["R_ADK1m"]	1.
R["R_NRPPHRt4_LPAREN_2_RPAREN_r"]	0.8079799999999999
R["R_DNDPt10m"]	0.35253999999999996
R["R_VALTA"]	0.
R["R_CYTK4n"]	1.
R["R_FPGS5m"]	0.43022
R["R_CBPS"]	0.4103
R["R_UGLT"]	0.
R["R_HISTASE"]	0.99786
R["R_NTD7"]	0.25672
R["R_UDPDOLPT_L"]	1.
R["R_ACHEe"]	0.29056
R["R_BAAT2x"]	0.0766
R["R_SSALxm"]	0.89772
R["R_NTPP11"]	0.25528000000000006
R["R_PPAm"]	1.
R["R_FUM"]	1.
R["R_BETALDHx"]	1.
R["R_ASNTHRNaEx"]	0.2732
R["R_BUTt2m"]	0.37558
R["R_34DHOXPEGOX"]	0.9999600000000001
R["R_NKCC2t"]	0.40279999999999994
R["R_ACACT9p"]	0.37564000000000003
R["R_SCP2x"]	1.
R["R_SELCYSTS"]	0.40374
R["R_ST3GAL21g"]	0.5754199999999999
R["R_GLCAT6g"]	0.7559600000000001
R["R_AG13T18g"]	0.9999600000000001
R["R_FALDH"]	0.9999600000000001
R["R_B3GALT3g"]	0.33786
R["R_GALNACT3g"]	0.9958199999999999
R["R_FAOXC160"]	0.36154
R["R_CTPS2"]	0.46647999999999995
R["R_PIt8"]	1.
R["R_FRUt4"]	0.35084
R["R_C160CPT1"]	0.9589400000000001
R["R_NACHEX4ly"]	1.
R["R_S2TASE2ly"]	0.9842000000000001
R["R_ADNtl"]	0.9343199999999999
R["R_AKGDm"]	0.45421999999999996
R["R_B3GNT312g"]	0.15564
R["R_NACHEX1ly"]	1.
R["R_NACHEXA6ly"]	0.9791599999999999
R["R_FACOAL244_1"]	0.99992
R["R_IDHPOXOX2b"]	0.28884
R["R_GLCNACT2g"]	0.7559600000000001
R["R_ALAt2r"]	0.54814
R["R_G14T16g"]	1.
R["R_BDHm"]	0.8521999999999998
R["R_5HOXINDACTO2OX"]	0.14878
R["R_H7MTer_U"]	0.22834000000000004
R["R_LCYSTATm"]	1.
R["R_CLS_hs"]	1.
R["R_XANDp"]	0.27154
R["R_LEUt4"]	1.
R["R_GALt1r"]	0.9995
R["R_4HGLSDm"]	0.99914
R["R_ARABR"]	1.
R["R_S6T3g"]	0.97732
R["R_CLHCOtex"]	0.33322
R["R_GLCNACT3g"]	0.7559600000000001
R["R_SELt4_3"]	0.3065
R["R_S6TASE19ly"]	0.35742
R["R_ASNtN1"]	0.31307999999999997
R["R_STRDNCCPT2"]	0.7609199999999999
R["R_CHOLt4"]	0.
R["R_DHORD9"]	0.32989999999999997
R["R_UAG2EMAi"]	0.9832000000000001
R["R_TETPENT6CPT2"]	0.7609199999999999
R["R_HSD3B7P"]	0.52668
R["R_PIt7ir"]	0.5164
R["R_MM8Ag"]	0.6794199999999999
R["R_GALASE11ly"]	0.2375
R["R_UAG4E"]	0.1901
R["R_ICDHy"]	1.
R["R_FPGS7m"]	0.43022
R["R_CERT1gt"]	0.9943000000000002
R["R_25VITD3Hm"]	0.23692000000000002
R["R_P4502D6"]	1.
R["R_PI4P5K"]	0.73878
R["R_GBGT1"]	0.32978
R["R_PIK5"]	0.73878
R["R_ETFQO"]	0.42922000000000005
R["R_ST8SIA56g"]	0.24406
R["R_FAOXC18280m"]	0.36154
R["R_TKT1"]	0.29272
R["R_TETTET6CPT2"]	0.7609199999999999
R["R_GALASE9ly"]	0.2375
R["R_SGPL11r"]	0.53586
R["R_FAOXC200180m"]	0.36154
R["R_BAAT3x"]	0.0766
R["R_PEAMNO"]	0.99786
R["R_RNMK"]	0.60406
R["R_NTD1"]	0.38242000000000004
R["R_XYLt"]	0.9995
R["R_UGT1A5r"]	0.9667000000000001
R["R_NDP8"]	1.
R["R_PPBNGS"]	0.59268
R["R_P4503A7r"]	0.39283999999999997
R["R_GFUCS"]	0.8333400000000001
R["R_PI45PLCn"]	0.5233000000000001
R["R_S6T21g"]	0.9999399999999999
R["R_STS1"]	0.59566
R["R_NCKt"]	0.9916599999999999
R["R_S2TASE3ly"]	0.9842000000000001
R["R_PYDXNK"]	1.
R["R_GALGT1"]	0.8431599999999999
R["R_FUT15g"]	0.5873
R["R_DOLDPP_Uer"]	0.33202
R["R_IDOAASE4ly"]	0.2246
R["R_GALASE19ly"]	0.2375
R["R_ASPGLUm"]	1.
R["R_PFK26"]	1.
R["R_GLUCYS"]	0.2968
R["R_GTMLTe"]	0.92492
R["R_FACOAL241"]	0.99992
R["R_PI5P3K"]	0.9998799999999999
R["R_SPHK21c"]	0.26032
R["R_CYTK14n"]	1.
R["R_GLYATm"]	0.9999600000000001
R["R_PGK"]	1.
R["R_PROt4"]	1.
R["R_GGNG"]	0.87138
R["R_CYSGLNNaEx"]	0.2732
R["R_TMDK1"]	0.9595600000000001
R["R_SBPP3er"]	0.41654
R["R_PTHPSn"]	1.
R["R_AACOAT"]	0.31544
R["R_GUAD"]	0.20529999999999998
R["R_IDHPOXOXb"]	0.28884
R["R_PPCOACm"]	0.49158
R["R_CHLPCTD"]	0.31564
R["R_C161CRNt"]	0.27876
R["R_GALASE20ly"]	0.2375
R["R_GF6PTA"]	0.9998799999999999
R["R_ETHAK"]	0.99552
R["R_GAMt1r"]	0.7499399999999999
R["R_ALCD2if"]	0.9999600000000001
R["R_NDPK10m"]	1.
R["R_LNLCCRNt"]	0.27876
R["R_TCHOLAt"]	0.9267800000000002
R["R_ACSOMT"]	0.27526
R["R_SIAASE2ly"]	0.2375
R["R_FATP3t"]	1.
R["R_LNS14DMr"]	0.19312
R["R_PYDXPP"]	0.21566000000000002
R["R_NDPK10"]	0.99962
R["R_GLYCLTDy"]	0.9999600000000001
R["R_FPGSm"]	0.43022
R["R_CYSTAm"]	1.
R["R_P45019A1r"]	0.
R["R_P5CRxm"]	0.8722799999999999
R["R_ORNt3m"]	1.
R["R_GLXO1"]	1.
R["R_ADPGLC"]	1.
R["R_GLCAASE9ly"]	0.71092
R["R_UGT1A6r"]	0.9667000000000001
R["R_FAOXC16080x"]	0.22146
R["R_CYTK5n"]	1.
R["R_GTHOm"]	0.26162
R["R_PNTEH"]	0.19112
R["R_T2M26DCOAHLm"]	0.94658
R["R_FACOAL203"]	0.99992
R["R_ALCD22_L"]	0.9999600000000001
R["R_S6T13g"]	1.
R["R_CITRtm"]	1.
R["R_G14T14g"]	1.
R["R_FACOAL1832"]	0.99992
R["R_S23Tg"]	0.27430000000000004
R["R_ELAIDCPT2"]	0.7609199999999999
R["R_BTNt2"]	0.37558
R["R_RTOTAL2CRNCPT1"]	0.9589400000000001
R["R_ALAtN1"]	0.31307999999999997
R["R_NDPK2n"]	0.99962
R["R_H3MTer_U"]	0.94156
R["R_INSTt2r"]	0.28894000000000003
R["R_AIRCr"]	0.91802
R["R_GSNt5"]	0.
R["R_GALASE16ly"]	0.2375
R["R_CYTK11"]	1.
R["R_LTA4H"]	1.
R["R_PDE1g"]	0.31668
R["R_TRIODTHYt2"]	1.
R["R_FACOAL206"]	0.55542
R["R_PAPStg"]	1.
R["R_SELCYSLY2"]	0.27935999999999994
R["R_DOPAtu"]	0.41164000000000006
R["R_TYRt4"]	0.16408
R["R_MECOAS1m"]	0.55618
R["R_CYSTS"]	0.40374
R["R_GALASE7ly"]	0.2375
R["R_LALDO2x"]	1.
R["R_MI1456PKn"]	0.32648
R["R_P4508B11r"]	0.9886399999999999
R["R_THMTPt"]	0.99992
R["R_S6TASE4ly"]	0.2375
R["R_LCADi_Dm"]	1.
R["R_ACITL"]	1.
R["R_RPE"]	0.9713200000000001
R["R_ALASERNaEx"]	0.32324
R["R_RDH4"]	0.84626
R["R_NDPK9m"]	1.
R["R_EBP2r"]	0.23523999999999998
R["R_PTRCAT1"]	1.
R["R_NTD11"]	0.25672
R["R_ADNCYC"]	0.9999800000000001
R["R_GARFT"]	0.5035399999999999
R["R_FUT31g"]	0.29788000000000003
R["R_GLCATg"]	0.9335000000000001
R["R_2HCO3_NAt"]	0.30322
R["R_C4STMO1r"]	0.38448
R["R_FTCD"]	0.26437999999999995
R["R_S6T24g"]	0.9999399999999999
R["R_NORANMT"]	0.58822
R["R_FAOXC200180x"]	0.22146
R["R_FUT34g"]	0.29788000000000003
R["R_P4502C93"]	0.51878
R["R_CDSm"]	0.77924
R["R_CYSTSERex"]	0.20026000000000002
R["R_DNDPt15m"]	0.35253999999999996
R["R_3SALAASPm"]	1.
R["R_G14T8g"]	1.
R["R_FTHFDH"]	0.
R["R_SERtN1"]	0.
R["R_SUCCt4_2"]	0.27526
R["R_CSNt"]	0.46728000000000003
R["R_FAOXC260240x"]	0.22146
R["R_FPGS2"]	0.43022
R["R_AMANK"]	0.9832000000000001
R["R_CYSGLYexR"]	0.42522000000000004
R["R_LCADi"]	1.
R["R_ACETONEt2"]	0.37558
R["R_CYTK9n"]	1.
R["R_SRTNMTX"]	0.27302
R["R_GLNtN1"]	0.31307999999999997
R["R_PI4P3K"]	0.9986200000000001
R["R_FAOXC18480x"]	0.22146
R["R_FPGS8"]	0.43022
R["R_G13MT_U"]	0.99982
R["R_EHGLAT"]	0.8030200000000001
R["R_TYRTA"]	0.8030200000000001
R["R_OIVD2m"]	0.
R["R_TAURt4_LPAREN_2_RPAREN_r"]	0.21760000000000002
R["R_MGCHrm"]	0.36924
R["R_DNDPt13m"]	0.35253999999999996
R["R_NACHEX19ly"]	1.
R["R_FACOAL1822"]	0.99992
R["R_NADPNe"]	0.56916
R["R_SLCBK1"]	0.26032
R["R_SPODMn"]	1.
R["R_CYSTGLUex"]	0.75234
R["R_CATm"]	0.35936
R["R_DLNLCGCPT2"]	0.7609199999999999
R["R_FAS140COA"]	0.29176
R["R_ABO4g"]	0.44665999999999995
R["R_BTNPLm"]	0.22594000000000003
R["R_DNDPt44m"]	0.35253999999999996
R["R_OIVD1m"]	0.
R["R_SERPT"]	0.30958
R["R_TYR3MO2"]	0.36784
R["R_NTD6"]	0.1914
R["R_RTOTALCRNCPT2"]	0.7609199999999999
R["R_It"]	0.
R["R_S6TASE15ly"]	0.35742
R["R_ARGSL"]	0.
R["R_PRASCS"]	0.91802
R["R_ASCBt4"]	0.60422
R["R_HCO3_NAt"]	0.
R["R_GLCAT9g"]	0.7559600000000001
R["R_GLAl"]	0.21358000000000002
R["R_DNDPt9m"]	0.35253999999999996
R["R_P4503A43r"]	0.32252000000000003
R["R_LGNCCPT1"]	0.9589400000000001
R["R_SEAHCYSHYD"]	1.
R["R_P45027A11m"]	0.9478
R["R_TRPO2"]	0.24616
R["R_DNDPt28m"]	0.35253999999999996
R["R_ACACT1r"]	0.3365
R["R_MMCDm"]	0.9904
R["R_PDE4g"]	0.31668
R["R_GLCURtly"]	0.27080000000000004
R["R_CYTK2"]	1.
R["R_ACNAMlt"]	0.27080000000000004
R["R_FAEL184"]	0.9999800000000001
R["R_CYSGLYex"]	0.30263999999999996
R["R_ASPCTr"]	0.4103
R["R_GLYK"]	0.66808
R["R_ALATA_L"]	0.29618
R["R_CDIPTr"]	0.29154
R["R_S23T2g"]	0.5754199999999999
R["R_P4503A4"]	0.24602
R["R_D_DASH_LACtm"]	0.37558
R["R_PLYSPSer"]	0.8268800000000001
R["R_GLB1"]	0.2375
R["R_KHK2"]	0.29436
R["R_S6T5g"]	1.
R["R_LNELDCCPT2"]	0.7609199999999999
R["R_RTOTAL3CRNt"]	0.27876
R["R_ME2"]	1.
R["R_C161CPT2"]	0.7609199999999999
R["R_DCSPTN1CPT1"]	0.9589400000000001
R["R_FUCASE2e"]	1.
R["R_ARGSS"]	0.27696
R["R_STS3r"]	0.59566
R["R_P45027A1m"]	0.9478
R["R_UMPK"]	1.
R["R_C160CRNt"]	0.27876
R["R_CMPSASn"]	1.
R["R_DASCBR"]	0.9508800000000001
R["R_FBP26"]	1.
R["R_PROt2rL"]	0.54814
R["R_LYSMTF2n"]	0.9999800000000001
R["R_GBAl"]	0.9999800000000001
R["R_HSD17B2r"]	0.1966
R["R_CYTK8n"]	1.
R["R_NACHEX9ly"]	1.
R["R_PRPNCOAHYDm"]	0.99602
R["R_FUCASEe"]	1.
R["R_H8MTer_L"]	0.22834000000000004
R["R_IDOAASE3ly"]	0.2246
R["R_PI45P5P"]	0.99986
R["R_GALOR"]	1.
R["R_ATPH2e"]	0.7158599999999999
R["R_GCCcm"]	0.49254
R["R_SBTD_D2"]	0.74146
R["R_ALDD19x"]	0.92136
R["R_CYTDt5"]	0.
R["R_UMPKn"]	1.
R["R_NDPK5n"]	0.99962
R["R_ALDD20xm"]	1.
R["R_PDE1"]	0.9890800000000001
R["R_SOAT11r"]	0.
R["R_NDPK7n"]	0.99962
R["R_FAOXC161802m"]	0.36154
R["R_UPPN"]	0.27606
R["R_42A12BOOX"]	0.99786
R["R_3HAO"]	0.17722
R["R_LYStm"]	1.
R["R_AG13T3g"]	0.9999600000000001
R["R_MMSAD3m"]	0.9586400000000002
R["R_O16G1e"]	0.31256000000000006
R["R_MI14PP"]	0.99976
R["R_S6TASE8ly"]	0.2375
R["R_3HPCOAHYD"]	0.30668
R["R_DNDPt45m"]	0.35253999999999996
R["R_L_DASH_LACtm"]	0.37558
R["R_ARGtm"]	1.
R["R_HPYRR2x"]	1.
R["R_AKR1C41"]	0.
R["R_ACS2"]	0.31544
R["R_DRBK"]	0.
R["R_PTHPS"]	1.
R["R_BTNt4i"]	0.19834000000000002
R["R_CLHCO3tex2"]	0.43393999999999994
R["R_MMSAD1m"]	0.9586400000000002
R["R_ALDD20x"]	1.
R["R_PHETHPTOX2"]	0.31716
R["R_H2O2syn"]	0.41839999999999994
R["R_DNDPt58m"]	0.35253999999999996
R["R_G3PD2m"]	0.74452
R["R_BDMT_L"]	0.33672
R["R_ACACT1"]	0.3365
R["R_P4502C8"]	0.24164000000000002
R["R_FAOXC240200x"]	0.22146
R["R_F6Tg"]	0.98472
R["R_NCNt"]	0.9916599999999999
R["R_NACHEXA7ly"]	0.9791599999999999
R["R_MI34PP"]	0.21318
R["R_PTE2x"]	0.65672
R["R_BAAT1x"]	0.0766
R["R_AHANDROSTANGLCte"]	0.7728599999999999
R["R_G14T19g"]	1.
R["R_GGH_DASH_6THFe"]	0.5100399999999999
R["R_DNDPt62m"]	0.35253999999999996
R["R_URIt4"]	0.2403
R["R_PMEVKx"]	0.9999399999999999
R["R_B3GNT32g"]	0.15564
R["R_DHCRD1"]	0.53494
R["R_CMPSAS"]	1.
R["R_PYRt2p"]	0.37558
R["R_PPM"]	1.
R["R_CH25H"]	0.4082
R["R_3HKYNAKGAT"]	0.98284
R["R_CLOXAtex2"]	0.43393999999999994
R["R_ALAASNNaEx"]	0.2732
R["R_FUT33g"]	0.29788000000000003
R["R_AATAi"]	0.98284
R["R_FPGS6"]	0.43022
R["R_DADAe"]	0.6279
R["R_PCHOLP_hs"]	0.15245999999999998
R["R_LACZe"]	0.
R["R_FAOXC2051843m"]	0.36154
R["R_CRNtim"]	0.27876
R["R_ESTRADIOLGLCt2"]	0.22477999999999998
R["R_3DSPHR"]	0.9998000000000001
R["R_GALt4_2"]	0.26976
R["R_S2T2g"]	0.65782
R["R_DNDPt36m"]	0.35253999999999996
R["R_GALASE5ly"]	0.2375
R["R_HIStN1"]	0.31307999999999997
R["R_GALGT2"]	0.8431599999999999
R["R_HEX1"]	0.99964
R["R_HSD3B11"]	0.40342
R["R_SMS"]	0.41418
R["R_GTPCIn"]	0.23087999999999997
R["R_ACGSm"]	0.25342000000000003
R["R_LEUTA"]	0.
R["R_HMGLx"]	0.9102
R["R_NACHEX20ly"]	1.
R["R_GALNACT2g"]	0.9958199999999999
R["R_PGPPT"]	0.9989799999999999
R["R_CLPNDCPT1"]	0.9589400000000001
R["R_NH4t3r"]	0.30846
R["R_PPAer"]	0.45210000000000006
R["R_SERGLNexR"]	0.42522000000000004
R["R_C204CPT1"]	0.9589400000000001
R["R_SPODMx"]	1.
R["R_FACOAL260"]	0.99992
R["R_NBAHH_ir"]	0.
R["R_SO4t4_2"]	0.38298
R["R_M13N4Tg"]	0.6431
R["R_FAEL205"]	0.9999800000000001
R["R_HSD17B4x"]	0.
R["R_BTNPL"]	0.22594000000000003
R["R_GDPFUCtg"]	0.8824
R["R_GLYt7_LPAREN_211_RPAREN_r"]	0.32667999999999997
R["R_GLDBRAN"]	1.
R["R_TETPENT3CRNt"]	0.27876
R["R_GALK"]	0.9988199999999999
R["R_ADPRDP"]	1.
R["R_3MOX4HOXPGALDOX"]	0.92136
R["R_KYN"]	0.42208000000000007
R["R_PI35P3P"]	0.46884
R["R_B3GNT39g"]	0.15564
R["R_NDPK3"]	0.99962
R["R_SIAT4Bg"]	0.5754199999999999
R["R_P4502C18"]	0.23368000000000003
R["R_FA141ACPH"]	0.22978
R["R_NaKt"]	0.5715
R["R_NACHEXA20ly"]	0.9791599999999999
R["R_HSD17B42x"]	0.
R["R_GALNACT1g"]	0.9958199999999999
R["R_O16G2e"]	0.31256000000000006
R["R_2OXOADOXm"]	0.45421999999999996
R["R_GASNASEly"]	0.99328
R["R_BPNT"]	0.70252
R["R_MCPST"]	0.9999800000000001
R["R_PMI12346PH"]	0.89672
R["R_ADSS"]	0.33964000000000005
R["R_FPGS5"]	0.43022
R["R_DNDPt23m"]	0.35253999999999996
R["R_PNTOt5"]	0.34004
R["R_3MOXTYROX"]	0.9590399999999999
R["R_GTHPe"]	0.6267199999999999
R["R_GGH_DASH_5THFl"]	0.5100399999999999
R["R_NTD6l"]	0.266
R["R_FAOXC18480m"]	0.36154
R["R_UMPK2n"]	1.
R["R_GLCNACPT_L"]	0.3319
R["R_TXASr"]	0.5387599999999999
R["R_FAOXC226205m"]	0.36154
R["R_PCFLOPm"]	0.70762
R["R_PI4PLC"]	0.8266
R["R_DCSPTN1CPT2"]	0.7609199999999999
R["R_AKGMALtm"]	0.36468
R["R_DNDPt26m"]	0.35253999999999996
R["R_HEX7"]	0.99964
R["R_UMPK3n"]	1.
R["R_HSD3A1r"]	0.
R["R_FACOAL2251"]	0.99992
R["R_ASNNm"]	0.99946
R["R_AMY2e"]	1.
R["R_VLCS2p"]	0.55542
R["R_FAOXC226205x"]	0.22146
R["R_LTC4Sr"]	1.
R["R_NACHEXA9ly"]	0.9791599999999999
R["R_LYStiDF"]	0.28837999999999997
R["R_IDHPOXOX4"]	0.28884
R["R_41R2A1H12BOOX"]	0.9590399999999999
R["R_B3GNT310g"]	0.15564
R["R_HSD3B12r"]	0.3234
R["R_RDH1a"]	0.6291399999999999
R["R_H6MTer_L"]	0.22834000000000004
R["R_PEFLIP"]	0.70762
R["R_ASNSERNaEx"]	0.2732
R["R_HKYNH"]	0.42208000000000007
R["R_FATP5t"]	0.28868
R["R_HS3ly"]	0.44136
R["R_DOLPMT_L"]	0.3597
R["R_ALKP"]	0.43954000000000004
R["R_ESTRONEGLCt"]	0.
R["R_GALASE12ly"]	0.2375
R["R_ALAR"]	0.22398
R["R_AG13T11g"]	0.9999600000000001
R["R_ECOAH9m"]	0.99602
R["R_THYMt"]	0.46728000000000003
R["R_IMACTD"]	1.
R["R_SPODM"]	1.
R["R_2HBO"]	1.
R["R_PPCOAOm"]	1.
R["R_TYRt"]	0.3675
R["R_S6T23g"]	0.9999399999999999
R["R_FDH"]	0.
R["R_LNELDCCRNt"]	0.27876
R["R_DNDPt48m"]	0.35253999999999996
R["R_PDHm"]	0.49254
R["R_CLFORtex"]	0.19738
R["R_ACONTm"]	0.8999
R["R_ALR3"]	1.
R["R_AG13T9g"]	0.9999600000000001
R["R_DNADDP"]	0.9960000000000001
R["R_SACCD4m"]	0.827
R["R_VITD2Hm"]	0.9478
R["R_H3ETer"]	0.87436
R["R_NADK"]	0.9999600000000001
R["R_TETPENT3CPT1"]	0.9589400000000001
R["R_H6_APOS_ET2er"]	0.9987600000000001
R["R_LEUtec"]	0.9984
R["R_GTPCI"]	0.23087999999999997
R["R_PPNCL3"]	0.64716
R["R_DOLDPP_Ler"]	0.33202
R["R_TMDK1m"]	0.7885
R["R_UDPDOLPT_U"]	1.
R["R_NACHEXA3ly"]	0.9791599999999999
R["R_CBR2"]	1.
R["R_NADNe"]	0.56916
R["R_3M4HDXPAC"]	0.92136
R["R_BILIRUBt2"]	0.21433999999999997
R["R_B3GALT43g"]	0.29154
R["R_GLCAT4g"]	0.43976
R["R_CYTK7n"]	1.
R["R_P4504F121r"]	0.35348
R["R_INSt4"]	0.2403
R["R_GALASE15ly"]	0.2375
R["R_FACOAL40im"]	0.43776000000000004
R["R_MAN1_6B1er"]	0.9998400000000001
R["R_DESAT18_5"]	0.5227999999999999
R["R_GLUt2m"]	1.
R["R_NRVNCCPT2"]	0.7609199999999999
R["R_LNLNCACPT2"]	0.7609199999999999
R["R_NACHEX24ly"]	1.
R["R_MI1345PKn"]	0.32648
R["R_THRD_L"]	0.31392
R["R_LPS4e"]	0.37698
R["R_FACOAL246_1"]	0.99992
R["R_LPS3e"]	0.13616
R["R_S6T19g"]	0.9999399999999999
R["R_P4504F123r"]	0.35348
R["R_AG13T12g"]	0.9999600000000001
R["R_ASAH1"]	0.73536
R["R_GPIMTer_L"]	0.30692
R["R_ORNt4m"]	1.
R["R_TRPt"]	0.3675
R["R_RTOTALCRNCPT1"]	0.9589400000000001
R["R_NMNATm"]	0.8067
R["R_G14T9g"]	1.
R["R_HYXNt"]	0.46728000000000003
R["R_FA140ACPH"]	0.22978
R["R_TYROXDAc"]	0.9590399999999999
R["R_PDE4n"]	0.86862
R["R_LGTHL"]	1.
R["R_N3Tg"]	0.56852
R["R_METS"]	0.40359999999999996
R["R_LYSMTF1n"]	0.9999800000000001
R["R_ACACT6p"]	0.37564000000000003
R["R_FAOXC246226x"]	0.22146
R["R_MMEm"]	0.24076
R["R_CMPACNAtg"]	1.
R["R_PRDX"]	0.33314
R["R_ALAGLNexR"]	0.42522000000000004
R["R_NACHEX23ly"]	1.
R["R_CAATPS"]	0.5299799999999999
R["R_MTHFD"]	1.
R["R_BDMT_U"]	0.33672
R["R_ILETA"]	0.
R["R_FA120ACPH"]	0.22978
R["R_SUCOASm"]	0.55618
R["R_NNATm"]	0.8067
R["R_DNDPt43m"]	0.35253999999999996
R["R_GLYKm"]	0.66808
R["R_AG13T16g"]	0.9999600000000001
R["R_ADPT"]	1.
R["R_UDPGLCAter"]	0.5494600000000001
R["R_C161CRN2t"]	0.27876
R["R_DNDPt63m"]	0.35253999999999996
R["R_ILEt4"]	0.16408
R["R_PETOHMr_hs"]	0.54184
R["R_DHAPA"]	1.
R["R_BUP2"]	0.27606
R["R_FAOXC2251836x"]	0.22146
R["R_CGLYt3_LPAREN_2_RPAREN_"]	0.26088
R["R_P45011B21m"]	0.78276
R["R_PPA"]	1.
R["R_PCt"]	0.41328000000000004
R["R_DNDPt7m"]	0.35253999999999996
R["R_PROAKGOX1r"]	0.45533999999999997
R["R_GALU"]	0.42872000000000005
R["R_FATP1t"]	1.
R["R_BUTt2r"]	0.37558
R["R_FA160ACPH"]	0.22978
R["R_BILGLCURte"]	0.7728599999999999
R["R_MM7B1g"]	0.6794199999999999
R["R_PSSA2_hs"]	0.19944
R["R_PGLer"]	0.5641
R["R_FOLt2"]	0.99992
R["R_GASNASE3ly"]	0.99328
R["R_GLYt2r"]	0.54814
R["R_DOLPGT2_Ler"]	0.22664
R["R_CERT2rt"]	0.9943000000000002
R["R_NAGA2ly"]	0.99896
R["R_DALAt2rL"]	0.54814
R["R_NTD9e"]	0.57886
R["R_NDPK2"]	0.99962
R["R_AG13T5g"]	0.9999600000000001
R["R_LPS"]	0.32876000000000005
R["R_ADNt4"]	0.2403
R["R_FAOXC2452253x"]	0.22146
R["R_RNDR3"]	0.5882799999999999
R["R_HSD11B2r"]	0.22674000000000002
R["R_HGNTOR"]	0.
R["R_SELCYSLY"]	0.27935999999999994
R["R_MANt4"]	0.35084
R["R_GCC2am"]	0.49254
R["R_34DHXMANDACOX_LPAREN_NADP_RPAREN_"]	0.92136
R["R_UMPK2"]	1.
R["R_TRDRm"]	0.99992
R["R_MCD"]	0.9904
R["R_SPRMS"]	0.28179999999999994
R["R_ESTRIOLGLCte"]	0.7728599999999999
R["R_ALDD2x"]	1.
R["R_THMDt4"]	0.16272
R["R_LCADi_D"]	1.
R["R_ME1m"]	0.68572
R["R_SOAT12r"]	0.
R["R_MM7Ag"]	0.6794199999999999
R["R_FACOAL2252"]	0.99992
R["R_B3GALT42g"]	0.29154
R["R_HMBS"]	1.
R["R_HMGLm"]	0.9102
R["R_CRNt"]	0.42332000000000003
R["R_ACHVESSEC"]	0.23521999999999998
R["R_PGISr"]	0.3341
R["R_FUMSO3tm"]	0.7663399999999999
R["R_SCP21x"]	1.
R["R_CHSTEROLSULT"]	0.
R["R_3HXKYNDCL"]	0.18636
R["R_GLYOXm"]	0.19573999999999997
R["R_L_DASH_LACDcm"]	0.28250000000000003
R["R_CYSALANaEx"]	0.32324
R["R_24_COMMA_25VITD2Hm"]	0.28756
R["R_RPI"]	1.
R["R_FTHFL"]	1.
R["R_SCP3x"]	1.
R["R_PI45PLC"]	0.8266
R["R_GGH_DASH_7DHFe"]	0.5100399999999999
R["R_DHAAt1r"]	0.9995
R["R_DNDPt32m"]	0.35253999999999996
R["R_GLNSERNaEx"]	0.2732
R["R_PI4P3Ker"]	0.9986200000000001
R["R_RNDR2"]	0.5882799999999999
R["R_DURAD2"]	0.47866
R["R_THYOXt"]	0.9267800000000002
R["R_S6TASE14ly"]	0.35742
R["R_HAS1"]	0.41786
R["R_P4501B1r"]	0.24037999999999998
R["R_PI3P4K"]	0.73878
R["R_MM8Cg"]	0.6794199999999999
R["R_NMNATn"]	0.33677999999999997
R["R_5HTRPVESSEC"]	0.9908999999999999
R["R_G14T2g"]	1.
R["R_ABO7g"]	0.44665999999999995
R["R_TSTSTERONEGLCte"]	0.7728599999999999
R["R_FUT11g"]	0.5873
R["R_P45027A12m"]	0.9478
R["R_PPPGOm"]	0.9997199999999999
R["R_AG13T10g"]	0.9999600000000001
R["R_URCN"]	0.9870599999999999
R["R_FUT17g"]	0.5873
R["R_HCO3_CLt"]	0.9998000000000001
R["R_FACOAL1812"]	0.99992
R["R_FACOAL161"]	0.99992
R["R_DHFR"]	1.
R["R_FAOXC2031836m"]	0.36154
R["R_S4T3g"]	1.
R["R_DOLPMT_U"]	0.3597
R["R_3HBCDm"]	0.37288
R["R_B3GNT37g"]	0.15564
R["R_PGS"]	0.31688
R["R_HSD3B11r"]	0.3234
R["R_NACHEX26ly"]	1.
R["R_THRGLNNaEx"]	0.2732
R["R_NACHEXA1ly"]	0.9791599999999999
R["R_AG13T13g"]	0.9999600000000001
R["R_PEPCK"]	0.25488
R["R_THMMPt4"]	0.99992
R["R_ALOX12R"]	0.77104
R["R_AGPRim"]	0.36956
R["R_GLCAASE8ly"]	0.71092
R["R_ST6GALNAC31"]	0.3531
R["R_DNDPt20m"]	0.35253999999999996
R["R_DESAT18_6"]	0.2506
R["R_GLACO"]	1.
R["R_RTOTAL3CRNCPT2"]	0.7609199999999999
R["R_SO4CLtex2"]	0.43393999999999994
R["R_CSNAT2x"]	0.8809799999999999
R["R_MAOX"]	0.99786
R["R_B3GNT31g"]	0.15564
R["R_CTPS1"]	1.
R["R_ACSRTNMT"]	0.27526
R["R_DOPACHRMISO"]	0.20602
R["R_HIBDm"]	0.5077999999999999
R["R_NDPK5m"]	1.
R["R_GAO2"]	0.25552
R["R_MM7Cbg"]	0.6794199999999999
R["R_RTOTAL2CRNCPT2"]	0.7609199999999999
R["R_THRS"]	0.99982
R["R_DOLPGT1_Uer"]	0.9999600000000001
R["R_NACHEXA4ly"]	0.9791599999999999
R["R_EICOSTETCRNt"]	0.27876
R["R_GLCAASE7ly"]	0.71092
R["R_UAGDP"]	0.32134
R["R_S6T9g"]	1.
R["R_PTDCACRNCPT1"]	0.9589400000000001
R["R_GUAt"]	0.46728000000000003
R["R_SUCCt4_3"]	0.31285999999999997
R["R_DNDPt38m"]	0.35253999999999996
R["R_KHK"]	0.29436
R["R_ALCD21_D"]	0.9999600000000001
R["R_ST8SIA55g"]	0.24406
R["R_FAOXC180x"]	0.22146
R["R_SO4t4_3"]	0.3065
R["R_PETHCT"]	0.20802
R["R_CERK"]	0.27498
R["R_MM5bg"]	0.6794199999999999
R["R_FACOAL245_1"]	0.99992
R["R_PIPLCn"]	0.5233000000000001
R["R_13DAMPPOX"]	0.99786
R["R_PCLAD"]	0.29242
R["R_PUNP2"]	0.9998400000000001
R["R_CHOLD2m"]	0.50098
R["R_ALR2"]	1.
R["R_TTDCRNt"]	0.27876
R["R_PHETA1"]	0.8030200000000001
R["R_GLCNACPT_U"]	0.3319
R["R_M1316Mg"]	0.8579399999999999
R["R_CITt4_4"]	0.14550000000000002
R["R_URIK1"]	1.
R["R_H2MTer_U"]	0.9952799999999999
R["R_P45021A1r"]	0.37338
R["R_G14T11g"]	1.
R["R_ST3GAL22g"]	0.5754199999999999
R["R_B3GNT51g"]	0.44136
R["R_DOLPMT1_Ler"]	0.9980799999999999
R["R_INStl"]	0.9343199999999999
R["R_FACOAL184"]	0.99992
R["R_P5CRm"]	0.8722799999999999
R["R_CHSTEROLt1"]	0.2473
R["R_MACOXO"]	0.92136
R["R_LNLNCGCRNt"]	0.27876
R["R_DOPAt4_LPAREN_2_RPAREN_r"]	0.8079799999999999
R["R_ABO3g"]	0.44665999999999995
R["R_MAOLNOR"]	0.9590399999999999
R["R_TETTET6CRNt"]	0.27876
R["R_DNDPt30m"]	0.35253999999999996
R["R_SERGLNNaEx"]	0.2732
R["R_BAMPPALDOX"]	1.
R["R_ST3GAL23g"]	0.5754199999999999
R["R_CYTK14"]	1.
R["R_GALT"]	0.
R["R_FUT32g"]	0.29788000000000003
R["R_ST8SIA54g"]	0.24406
R["R_PEPCKm"]	0.
R["R_DNDPt25m"]	0.35253999999999996
R["R_IDOURtly"]	0.27080000000000004
R["R_DNDPt55m"]	0.35253999999999996
R["R_GLYOX"]	0.38844
R["R_ACCOAgt"]	0.25552
R["R_P4502C19"]	0.4596400000000001
R["R_ADSELK"]	0.3618799999999999
R["R_LGNCCRNt"]	0.27876
R["R_H5MTer_L"]	0.9952799999999999
R["R_DURIK1m"]	0.7885
R["R_PGDI"]	0.39488
R["R_Htm"]	0.9999800000000001
R["R_2HBt2"]	0.37558
R["R_GGH_DASH_5THFe"]	0.5100399999999999
R["R_FPGS7"]	0.43022
R["R_THD1m"]	0.77444
R["R_FUT95g"]	0.23041999999999999
R["R_DNDPt49m"]	0.35253999999999996
R["R_UMPK5"]	1.
R["R_ABO2g"]	0.44665999999999995
R["R_MALTe"]	0.32882
R["R_SPR"]	0.21303999999999998
R["R_G14T3g"]	1.
R["R_VLCS2r"]	0.55542
R["R_ABO8g"]	0.44665999999999995
R["R_DAGK_hs"]	0.9997399999999999
R["R_NMNATr"]	0.99596
R["R_FATP7t"]	0.55542
R["R_ALDD2y"]	1.
R["R_FAOXC2242046m"]	0.36154
R["R_SERTHRNaEx"]	0.32324
R["R_TREH"]	0.99956
R["R_ASNGLNNaEx"]	0.2732
R["R_TMDPK"]	0.30284
R["R_UDPGALtg"]	0.99918
R["R_LYSt4"]	0.42332000000000003
R["R_HIStiDF"]	0.26074
R["R_DPCOAK"]	0.21664
R["R_GLUTCOADHm"]	0.56966
R["R_BTND1n"]	0.74036
R["R_3HXKYNOXDA"]	0.9590399999999999
R["R_KAS8"]	0.29176
R["R_DHEASt"]	0.44374
R["R_HEXCCRNt"]	0.27876
R["R_CK"]	0.33741999999999994
R["R_H6ET3er"]	0.8810600000000001
R["R_SMPD3g"]	0.39858000000000005
R["R_AGPSx"]	0.9551999999999999
R["R_5HTRPDOX"]	0.28715999999999997
R["R_DNDPt11m"]	0.35253999999999996
R["R_G14T17g"]	1.
R["R_CYTK8"]	1.
R["R_DNDPt34m"]	0.35253999999999996
R["R_FA182ACPH"]	0.22978
R["R_UMPK7n"]	1.
R["R_NACHEX18ly"]	1.
R["R_C4STMO2r"]	0.45633999999999997
R["R_MM7B2g"]	0.6794199999999999
R["R_ADAe"]	0.6279
R["R_ST8SIA53g"]	0.24406
R["R_ST3GAL62g"]	0.82112
R["R_CYTDtm"]	0.37360000000000004
R["R_LPS2"]	0.32876000000000005
R["R_MMMm"]	0.18834
R["R_S6T6g"]	1.
R["R_UREAt5"]	0.26976
R["R_DNDPt16m"]	0.35253999999999996
R["R_FADDP"]	0.28975999999999996
R["R_SFGTH"]	1.
R["R_NDP7g"]	0.28368
R["R_FUT91g"]	0.23041999999999999
R["R_SRTNt6_LPAREN_2_RPAREN_r"]	0.
R["R_THRGLNexR"]	0.42522000000000004
R["R_ARGDCm"]	0.16648000000000002
R["R_BPNT2"]	0.70252
R["R_SUCOAS1m"]	0.55618
R["R_VLCSp"]	0.55542
R["R_AGMTm"]	0.28725999999999996
R["R_GLCNACASE2ly"]	0.9634599999999999
R["R_GLCNACASE4ly"]	0.9634599999999999
R["R_S26Tg"]	0.23986000000000002
R["R_S6T8g"]	1.
R["R_DCMPDA"]	0.9977599999999999
R["R_GGT5r"]	0.9999
R["R_25VITD2Hm"]	0.23692000000000002
R["R_ACOAD1fm"]	1.
R["R_GLYVESSEC"]	0.2643
R["R_H4ETer"]	0.87436
R["R_PTE5x"]	0.65672
R["R_HSD17B7r"]	0.26288
R["R_PSP_L"]	1.
R["R_HS4ly"]	0.44136
R["R_PROSTGF2t"]	0.24668
R["R_BMTer_U"]	0.94156
R["R_P5CR"]	0.22884000000000002
R["R_BAAT5x"]	0.0766
R["R_PI345P3Pn"]	0.9998400000000001
R["R_P4504F122r"]	0.7755799999999999
R["R_HAS2"]	0.41786
R["R_HSD17B9r"]	0.26288
R["R_PPOR"]	0.3484
R["R_G5SDym"]	0.36956
R["R_FA181ACPH"]	0.22978
R["R_FAOXC183803m"]	0.36154
R["R_GLUNm"]	0.9998000000000001
R["R_G6PDH2r"]	0.65526
R["R_SO4OXAtex2"]	0.43393999999999994
R["R_FUMSO4tm"]	0.7663399999999999
R["R_NAt3_1g"]	0.9944600000000001
R["R_ST3GAL31g"]	0.33416
R["R_F1PGT"]	0.98934
R["R_AKR1D2"]	0.16288
R["R_CYTK12"]	1.
R["R_SO4HCOtex"]	0.71596
R["R_CYTK10n"]	1.
R["R_GTHO"]	0.26162
R["R_ABO6g"]	0.44665999999999995
R["R_SARCOXp"]	0.2264
R["R_ASNS1"]	1.
R["R_ADA"]	0.6279
R["R_CSNATp"]	0.8809799999999999
R["R_SERALANaEx"]	0.32324
R["R_AKR1C42"]	0.
R["R_34DHPLACOX"]	0.92136
R["R_TYRASE"]	0.22006
R["R_NTPP9"]	0.25528000000000006
R["R_FACOAL2042"]	0.99992
R["R_DNDPt51m"]	0.35253999999999996
R["R_H2CO3Dm"]	0.3174
R["R_3HCO3_NAt"]	0.30322
R["R_H7_APOS_TAer"]	0.253
R["R_PI5P3Ker"]	0.9986200000000001
R["R_MAN1PT2"]	0.32438
R["R_G14Tg"]	1.
R["R_RTOTAL3CRNCPT1"]	0.9589400000000001
R["R_MTHFC"]	1.
R["R_ALAGLNNaEx"]	0.2732
R["R_BALAVECSEC"]	0.2643
R["R_C181CPT2"]	0.7609199999999999
R["R_PNTKm"]	0.
R["R_NMPTRCOX"]	0.99786
R["R_S3T3g"]	1.
R["R_PSFLIP"]	0.70762
R["R_CYTK6n"]	1.
R["R_S3T2g"]	0.4968
R["R_GPAM_hs"]	0.83224
R["R_ADNtm"]	0.37360000000000004
R["R_GLCtg"]	0.7499399999999999
R["R_C161CPT12"]	0.9589400000000001
R["R_SERLYSNaex"]	0.20026000000000002
R["R_HACD1m"]	1.
R["R_GLCNACASE3ly"]	0.9634599999999999
R["R_PEFLIPm"]	0.70762
R["R_DNDPt19m"]	0.35253999999999996
R["R_NTD12"]	0.38242000000000004
R["R_Uritm"]	0.37360000000000004
R["R_P45046A1r"]	0.25539999999999996
R["R_BAMPPALDOXm"]	1.
R["R_CHOLATEt3"]	0.3566
R["R_MM5cg"]	0.6794199999999999
R["R_34DHPHEt"]	0.3675
R["R_DESAT20_2"]	0.21566000000000002
R["R_MEVK1x"]	0.42064
R["R_PYAM5POr"]	1.
R["R_FBA2"]	0.99938
R["R_NACHEXA8ly"]	0.9791599999999999
R["R_NDPK6m"]	1.
R["R_SELCYSTGL"]	0.64022
R["R_D_DASH_LACt2"]	0.86304
R["R_P4503A5"]	0.44426000000000004
R["R_CBPSam"]	0.22220000000000004
R["R_METtec"]	0.9984
R["R_G6PPer"]	0.45210000000000006
R["R_UGALGTg"]	0.31768
R["R_NACHEX10ly"]	1.
R["R_LPS3"]	0.25078
R["R_ABUTt2r"]	0.54814
R["R_MM6bg"]	0.6794199999999999
R["R_RTOTALCRNt"]	0.27876
R["R_EHGLAT2m"]	1.
R["R_5MTHFt2"]	0.99992
R["R_G14T12g"]	1.
R["R_NACHEX15ly"]	1.
R["R_HSD17B1"]	0.9999
R["R_GALASE8ly"]	0.2375
R["R_AHEXASE2ly"]	1.
R["R_PSERT"]	1.
R["R_TMDPP"]	0.54136
R["R_P4508B13r"]	0.9886399999999999
R["R_GALASE18ly"]	0.2375
R["R_PCLYSOX"]	0.93934
R["R_GALC"]	0.24020000000000002
R["R_CEPTE"]	1.
R["R_S6T16g"]	1.
R["R_P5CDm"]	0.99914
R["R_GGH_DASH_10FTHF5GLUl"]	0.5100399999999999
R["R_PRO1xm"]	0.99914
R["R_PROSTGD2t"]	0.4027000000000001
R["R_DOLASNT_Ler"]	0.27822
R["R_G3PD1"]	0.23486
R["R_PIt7"]	0.30184
R["R_C204CPT2"]	0.7609199999999999
R["R_CBR1"]	1.
R["R_M16N6Tg"]	0.15426
R["R_LNSTLSr"]	0.2913
R["R_CATp"]	0.35936
R["R_CYStec"]	0.33286
R["R_MAN6PI"]	1.
R["R_NTD7l"]	0.266
R["R_CHATn"]	0.49842
R["R_DTMPK"]	1.
R["R_ILETAm"]	0.23773999999999998
R["R_BACCL"]	0.22594000000000003
R["R_ADPRIBt"]	0.56916
R["R_ALDD21"]	1.
R["R_A_MANASEly"]	0.9999600000000001
R["R_GCCbim"]	0.49254
R["R_SULFOX"]	0.94546
R["R_FPGS2m"]	0.43022
R["R_CYTK3n"]	1.
R["R_FACOAL180i"]	0.99992
R["R_NTPP10"]	0.25528000000000006
R["R_CAMPt"]	0.94298
R["R_GGH_DASH_7THFl"]	0.5100399999999999
R["R_COQ3m"]	0.22782
R["R_ARGNm"]	1.
R["R_DNDPt54m"]	0.35253999999999996
R["R_VALt4"]	0.16408
R["R_NDPK4n"]	0.99962
R["R_SBTR"]	1.
R["R_P4502F1"]	0.29626
R["R_FBA"]	0.99938
R["R_NDPK8n"]	0.99962
R["R_CORE3GTg"]	0.19156
R["R_P45027A13m"]	0.9478
R["R_AG13T14g"]	0.9999600000000001
R["R_NACHEXA22ly"]	0.9791599999999999
R["R_NNAT"]	0.9960000000000001
R["R_ACTNMO"]	0.48912000000000005
R["R_PYK"]	1.
R["R_BBHOX"]	0.17554
R["R_DNDPt59m"]	0.35253999999999996
R["R_C226CPT2"]	0.7609199999999999
R["R_5HOXINDACTOX"]	1.
R["R_P45027A14m"]	0.9478
R["R_IMPD"]	1.
R["R_G14T6g"]	1.
R["R_ACACT1rm"]	0.94658
R["R_SCP22x"]	1.
R["R_STRDNCCPT1"]	0.9589400000000001
R["R_PGL"]	0.36269999999999997
R["R_34DHPLACOX_LPAREN_NADP_RPAREN_"]	0.92136
R["R_FUT93g"]	0.23041999999999999
R["R_PTE3x"]	0.65672
R["R_5ADTSTSTERONESULT"]	0.25676
R["R_GSNtl"]	0.9343199999999999
R["R_LCYSTCBOXL"]	0.79576
R["R_GLGNS1"]	0.87138
R["R_FUT910g"]	0.23041999999999999
R["R_FUT14g"]	0.5873
R["R_TTDCPT1"]	0.9589400000000001
R["R_CHSTEROLtg"]	0.21112000000000003
R["R_GLYBt4_LPAREN_2_RPAREN_r"]	0.90764
R["R_FUCASEly"]	0.80108
R["R_PHYCBOXL"]	0.18636
R["R_ACS"]	0.31544
R["R_C2M26DCOAHLm"]	0.94658
R["R_NTP3e"]	0.50282
R["R_FACOAL205"]	0.99992
R["R_SGPL12r"]	0.53586
R["R_LPSe"]	0.54704
R["R_ACOAO7p"]	0.22146
R["R_SUCD1m"]	0.23053999999999997
R["R_H2Ot"]	0.26976
R["R_S4T6g"]	1.
R["R_AACTOOR"]	0.4607200000000001
R["R_S6T4g"]	1.
R["R_S6T15g"]	0.97732
R["R_DNDPt24m"]	0.35253999999999996
R["R_SQLSr"]	1.
R["R_SOAT11"]	0.
R["R_SOAT12"]	0.
R["R_PHEtec"]	0.3675
R["R_NTD9l"]	0.266
R["R_FMNAT"]	0.99322
R["R_DURAD"]	0.47866
R["R_FAOXC226"]	0.36154
R["R_MI4PP"]	1.
R["R_FPGS4m"]	0.43022
R["R_NDPK3n"]	0.99962
R["R_CHTNASEe"]	0.29341999999999996
R["R_DNDPt22m"]	0.35253999999999996
R["R_TYRCBOX"]	0.18636
R["R_UDPGP"]	0.9960000000000001
R["R_PI4PLCn"]	0.5233000000000001
R["R_FACOAL245_2"]	0.99992
R["R_CYTK5"]	1.
R["R_MAN1_7Ber"]	0.9998400000000001
R["R_AKGt4_3"]	0.31285999999999997
R["R_AG13T8g"]	0.9999600000000001
R["R_UDPGD"]	0.5069800000000001
R["R_NAt3_1"]	0.6476799999999999
R["R_PI345P5P"]	0.88398
R["R_S4TASE1ly"]	0.4053999999999999
R["R_IMPC"]	0.49672
R["R_H7ET2er"]	0.9987600000000001
R["R_FAOXC183806m"]	0.36154
R["R_NDPK9n"]	0.99962
R["R_DESAT18_7"]	0.2506
R["R_DCSPTN1CRNt"]	0.27876
R["R_TMDS"]	1.
R["R_FACOAL204"]	0.99992
R["R_NS26Tg"]	0.19360000000000002
R["R_MLTG1e"]	0.32882
R["R_AMPDA"]	0.42422000000000004
R["R_C14STRr"]	0.29542
R["R_ST8SIA11"]	0.
R["R_DHDPBMTm"]	0.22782
R["R_HS2ly"]	0.44136
R["R_HPDCACRNt"]	0.27876
R["R_FATP4t"]	0.28868
R["R_G6PDH1er"]	0.5641
R["R_GPIMTer_U"]	0.30692
R["R_C181CRNt"]	0.27876
R["R_MALTSULtm"]	0.7663399999999999
R["R_XYLUR"]	1.
R["R_DOPAMT"]	0.22633999999999999
R["R_OCBTm"]	0.
R["R_GSNt4"]	0.2403
R["R_LRAT"]	0.41494
R["R_HEX10"]	0.99964
R["R_DCYTD"]	0.36269999999999997
R["R_RNDR1"]	0.5882799999999999
R["R_SPODMm"]	1.
R["R_FUCASE2ly"]	0.80108
R["R_3SALATAim"]	1.
R["R_TMNDNCCRNt"]	0.27876
R["R_ALADGLNexR"]	0.42522000000000004
R["R_ADNt"]	0.46728000000000003
R["R_ACODA"]	0.22938
R["R_SBPP1er"]	0.41654
R["R_GALT2g"]	1.
R["R_DNDPt1m"]	0.35253999999999996
R["R_INOSTO"]	0.24425999999999998
R["R_HPDCACRNCPT1"]	0.9589400000000001
R["R_UMPK3"]	1.
R["R_CYTK6"]	1.
R["R_DESAT16_2"]	0.5227999999999999
R["R_GALASE14ly"]	0.2375
R["R_MI145PK"]	0.95168
R["R_LTDCL"]	0.18636
R["R_DNDPt5m"]	0.35253999999999996
R["R_CRNtuNa"]	0.42332000000000003
R["R_P45011B11m"]	0.30194
R["R_ST6GALNAC28"]	0.25736
R["R_DPGM"]	1.
R["R_GAO1g"]	0.25552
R["R_DCK2n"]	0.46534
R["R_CYTK3"]	0.8322800000000001
R["R_DNDPt3m"]	0.35253999999999996
R["R_DHCRD2"]	0.53494
R["R_MACACI"]	0.29108
R["R_CYTDt"]	0.46728000000000003
R["R_ITCOALm"]	0.55618
R["R_S3T1g"]	0.4968
R["R_DNDPt39m"]	0.35253999999999996
R["R_G6PDH1rer"]	0.5641
R["R_GGH_DASH_10FTHF5GLUe"]	0.5100399999999999
R["R_FAOXC2251836m"]	0.36154
R["R_NOS2"]	0.8991199999999999
R["R_RTOTAL2CRNt"]	0.27876
R["R_PHETA1m"]	1.
R["R_TETPENT6CRNt"]	0.27876
R["R_ADNK1"]	0.38886000000000004
R["R_HMGCOASi"]	0.
R["R_FAS180COA"]	0.29176
R["R_TMNDNCCPT2"]	0.7609199999999999
R["R_B3GNT36g"]	0.15564
R["R_PIt2m"]	1.
R["R_S6TASE10ly"]	0.2375
R["R_PRGNLONESULT"]	0.25676
R["R_PYLALDOXm"]	1.
R["R_ELAIDCPT1"]	0.9589400000000001
R["R_CYSTA"]	0.8030200000000001
R["R_ABUTt2rL"]	0.54814
R["R_HISTAVESSEC"]	0.9908999999999999
R["R_UMPK4"]	1.
R["R_ETF"]	0.26516
R["R_RDH3"]	0.84626
R["R_M14NTg"]	0.24209999999999998
R["R_B3GNT314g"]	0.15564
R["R_MCCCrm"]	0.12128000000000001
R["R_CYSTGL"]	0.64022
R["R_DURIPP"]	0.9998400000000001
R["R_LNLNCACPT1"]	0.9589400000000001
R["R_NDPK3m"]	1.
R["R_ALACYSNaEx"]	0.32324
R["R_DALAt2r"]	0.54814